Hit_Id;Event_Number;Ini_E[MeV];Ini_Theta;Ini_Phi;Number_of_hits;Plane_h;X_h[cm];Y_h[cm];Z_h[cm];Time_h[ns]
352;1001.0;10.0;0.0;0.0;1.0;1.0;6.3;6.05;187.3;116.614
353;1002.0;10.0;0.0;0.0;1.0;1.0;6.3;6.05;187.3;100.586
354;1003.0;10.0;0.0;0.0;1.0;1.0;6.3;6.05;187.3;105.426
355;1004.0;10.0;0.0;0.0;1.0;1.0;6.3;6.05;187.3;110.828
356;1005.0;10.0;0.0;0.0;1.0;1.0;6.3;6.05;187.3;11.411
357;1006.0;10.0;0.0;0.0;1.0;1.0;6.3;6.05;187.3;108.729
358;1007.0;10.0;0.0;0.0;1.0;1.0;6.3;6.05;187.3;116.462
359;1008.0;10.0;0.0;0.0;1.0;1.0;6.3;6.05;187.3;115.169
360;1009.0;10.0;0.0;0.0;1.0;1.0;6.3;6.05;187.3;113.288
361;1010.0;10.0;0.0;0.0;1.0;1.0;6.3;6.05;187.3;116.544
362;1011.0;10.0;0.0;0.0;1.0;1.0;6.3;6.05;187.3;115.331
363;1012.0;10.0;0.0;0.0;1.0;1.0;6.3;6.05;187.3;114.193
364;1013.0;10.0;0.0;0.0;1.0;1.0;6.3;6.05;187.3;106.222
365;1014.0;10.0;0.0;0.0;1.0;1.0;6.3;6.05;187.3;122.009
366;1015.0;10.0;0.0;0.0;1.0;1.0;6.3;6.05;187.3;113.954
367;1016.0;10.0;0.0;0.0;1.0;1.0;6.3;6.05;187.3;110.955
368;1017.0;10.0;0.0;0.0;1.0;1.0;6.3;6.05;187.3;111.426
369;1018.0;10.0;0.0;0.0;1.0;1.0;6.3;6.05;187.3;102.574
370;1019.0;10.0;0.0;0.0;1.0;1.0;6.3;6.05;187.3;114.409
371;1020.0;10.0;0.0;0.0;1.0;1.0;6.3;6.05;187.3;102.847
372;1021.0;10.0;0.0;0.0;1.0;1.0;6.3;6.05;187.3;108.357
373;1022.0;10.0;0.0;0.0;1.0;1.0;6.3;6.05;187.3;109.321
374;1023.0;10.0;0.0;0.0;1.0;1.0;6.3;6.05;187.3;103.344
375;1024.0;10.0;0.0;0.0;1.0;1.0;6.3;6.05;187.3;11.503
376;1025.0;10.0;0.0;0.0;1.0;1.0;6.3;6.05;187.3;121.377
377;1026.0;10.0;0.0;0.0;1.0;1.0;6.3;6.05;187.3;115.683
378;1027.0;10.0;0.0;0.0;1.0;1.0;6.3;6.05;187.3;113.161
379;1028.0;10.0;0.0;0.0;1.0;1.0;6.3;6.05;187.3;114.373
380;1029.0;10.0;0.0;0.0;1.0;1.0;6.3;6.05;187.3;122.381
381;1030.0;10.0;0.0;0.0;1.0;1.0;6.3;6.05;187.3;117.797
382;1031.0;10.0;0.0;0.0;1.0;1.0;6.3;6.05;187.3;11.046
383;1032.0;10.0;0.0;0.0;1.0;1.0;6.3;6.05;187.3;10.946
384;1033.0;10.0;0.0;0.0;1.0;1.0;6.3;6.05;187.3;116.869
385;1034.0;10.0;0.0;0.0;1.0;1.0;6.3;6.05;187.3;108.213
386;1035.0;10.0;0.0;0.0;1.0;1.0;6.3;6.05;187.3;113.385
387;1036.0;10.0;0.0;0.0;1.0;1.0;6.3;6.05;187.3;116.386
388;1037.0;10.0;0.0;0.0;2.0;1.0;6.3;6.05;187.3;10.623
389;1037.0;10.0;0.0;0.0;2.0;2.0;56.7;6.05;134.8;715.461
390;1038.0;10.0;0.0;0.0;1.0;1.0;6.3;6.05;187.3;11.276
391;1039.0;10.0;0.0;0.0;1.0;1.0;6.3;6.05;187.3;109.191
392;1040.0;10.0;0.0;0.0;1.0;1.0;6.3;6.05;187.3;112.971
393;1041.0;10.0;0.0;0.0;1.0;1.0;6.3;6.05;187.3;104.253
394;1042.0;10.0;0.0;0.0;1.0;1.0;6.3;6.05;187.3;104.615
395;1043.0;10.0;0.0;0.0;1.0;1.0;6.3;6.05;187.3;114.397
396;1044.0;10.0;0.0;0.0;1.0;1.0;6.3;6.05;187.3;111.971
397;1045.0;10.0;0.0;0.0;2.0;1.0;6.3;6.05;187.3;115.004
398;1045.0;10.0;0.0;0.0;2.0;2.0;6.3;-30.25;134.8;457.958
399;1046.0;10.0;0.0;0.0;1.0;1.0;6.3;6.05;187.3;108.219
400;1047.0;10.0;0.0;0.0;1.0;1.0;6.3;6.05;187.3;109.704
401;1048.0;10.0;0.0;0.0;1.0;1.0;6.3;6.05;187.3;124.846
402;1049.0;10.0;0.0;0.0;1.0;1.0;6.3;6.05;187.3;114.076
403;1050.0;10.0;0.0;0.0;1.0;1.0;6.3;6.05;187.3;114.953
404;1051.0;10.0;0.0;0.0;1.0;1.0;6.3;6.05;187.3;106.837
405;1052.0;10.0;0.0;0.0;1.0;1.0;6.3;6.05;187.3;107.081
406;1053.0;10.0;0.0;0.0;1.0;1.0;6.3;6.05;187.3;11.451
407;1054.0;10.0;0.0;0.0;2.0;1.0;6.3;6.05;187.3;11.366
408;1054.0;10.0;0.0;0.0;2.0;2.0;-18.9;-18.15;134.8;417.796
409;1055.0;10.0;0.0;0.0;1.0;1.0;6.3;6.05;187.3;116.826
410;1056.0;10.0;0.0;0.0;2.0;1.0;6.3;6.05;187.3;109.579
411;1056.0;10.0;0.0;0.0;2.0;2.0;44.1;-30.25;134.8;66.845
412;1057.0;10.0;0.0;0.0;1.0;1.0;6.3;6.05;187.3;115.869
413;1058.0;10.0;0.0;0.0;1.0;1.0;6.3;6.05;187.3;119.365
414;1059.0;10.0;0.0;0.0;1.0;1.0;6.3;6.05;187.3;117.333
415;1060.0;10.0;0.0;0.0;1.0;1.0;6.3;6.05;187.3;117.024
416;1061.0;10.0;0.0;0.0;1.0;1.0;6.3;6.05;187.3;120.772
417;1062.0;10.0;0.0;0.0;2.0;1.0;6.3;6.05;187.3;119.028
418;1062.0;10.0;0.0;0.0;2.0;2.0;-6.3;-30.25;134.8;440.428
419;1063.0;10.0;0.0;0.0;1.0;1.0;6.3;6.05;187.3;11.902
420;1064.0;10.0;0.0;0.0;1.0;1.0;6.3;6.05;187.3;121.326
421;1065.0;10.0;0.0;0.0;1.0;1.0;6.3;6.05;187.3;117.806
422;1066.0;10.0;0.0;0.0;1.0;1.0;6.3;6.05;187.3;12.071
423;1067.0;10.0;0.0;0.0;1.0;1.0;6.3;6.05;187.3;116.151
424;1068.0;10.0;0.0;0.0;1.0;1.0;6.3;6.05;187.3;113.056
425;1069.0;10.0;0.0;0.0;1.0;1.0;6.3;6.05;187.3;109.085
426;1070.0;10.0;0.0;0.0;1.0;1.0;6.3;6.05;187.3;117.212
427;1071.0;10.0;0.0;0.0;1.0;1.0;6.3;6.05;187.3;110.294
428;1072.0;10.0;0.0;0.0;1.0;1.0;6.3;6.05;187.3;110.238
429;1073.0;10.0;0.0;0.0;1.0;1.0;6.3;6.05;187.3;119.464
430;1074.0;10.0;0.0;0.0;1.0;1.0;6.3;6.05;187.3;109.133
431;1075.0;10.0;0.0;0.0;1.0;1.0;6.3;6.05;187.3;112.473
432;1076.0;10.0;0.0;0.0;2.0;1.0;6.3;6.05;187.3;112.362
433;1076.0;10.0;0.0;0.0;2.0;2.0;-18.9;-6.05;134.8;410.042
434;1077.0;10.0;0.0;0.0;1.0;1.0;6.3;6.05;187.3;108.369
435;1078.0;10.0;0.0;0.0;1.0;1.0;6.3;6.05;187.3;114.344
436;1079.0;10.0;0.0;0.0;1.0;1.0;6.3;6.05;187.3;119.583
437;1080.0;10.0;0.0;0.0;1.0;1.0;6.3;6.05;187.3;112.975
438;1081.0;10.0;0.0;0.0;1.0;1.0;6.3;6.05;187.3;11.339
439;1082.0;10.0;0.0;0.0;1.0;1.0;6.3;6.05;187.3;116.581
440;1083.0;10.0;0.0;0.0;1.0;1.0;6.3;6.05;187.3;110.763
441;1084.0;10.0;0.0;0.0;1.0;1.0;6.3;6.05;187.3;113.284
442;1085.0;10.0;0.0;0.0;1.0;1.0;6.3;6.05;187.3;113.571
443;1086.0;10.0;0.0;0.0;1.0;1.0;6.3;6.05;187.3;109.146
444;1087.0;10.0;0.0;0.0;1.0;1.0;-6.3;6.05;187.3;110.097
445;1088.0;10.0;0.0;0.0;1.0;1.0;6.3;6.05;187.3;107.891
446;1089.0;10.0;0.0;0.0;1.0;1.0;6.3;6.05;187.3;116.033
447;1090.0;10.0;0.0;0.0;1.0;1.0;6.3;6.05;187.3;11.507
448;1091.0;10.0;0.0;0.0;1.0;1.0;6.3;6.05;187.3;112.658
1147;2001.0;56.0;0.0;0.0;4.0;1.0;6.3;6.05;187.3;11.563
1148;2001.0;56.0;0.0;0.0;4.0;2.0;6.3;6.05;134.8;304.832
1149;2001.0;56.0;0.0;0.0;4.0;3.0;6.3;6.05;96.9;443.849
1150;2001.0;56.0;0.0;0.0;4.0;4.0;6.3;-6.05;13.2;748.818
1151;2002.0;56.0;0.0;0.0;3.0;1.0;6.3;6.05;187.3;115.764
1152;2002.0;56.0;0.0;0.0;3.0;2.0;6.3;-6.05;134.8;286.132
1153;2002.0;56.0;0.0;0.0;3.0;3.0;6.3;-6.05;96.9;435.004
1154;2003.0;56.0;0.0;0.0;3.0;1.0;6.3;6.05;187.3;114.469
1155;2003.0;56.0;0.0;0.0;3.0;2.0;6.3;6.05;134.8;304.733
1156;2003.0;56.0;0.0;0.0;3.0;3.0;-6.3;6.05;96.9;442.275
1157;2004.0;56.0;0.0;0.0;4.0;1.0;6.3;6.05;187.3;108.762
1158;2004.0;56.0;0.0;0.0;4.0;2.0;6.3;6.05;134.8;29.281
1159;2004.0;56.0;0.0;0.0;4.0;3.0;6.3;6.05;96.9;413.006
1160;2004.0;56.0;0.0;0.0;4.0;4.0;18.9;6.05;13.2;784.537
1161;2005.0;56.0;0.0;0.0;4.0;1.0;6.3;6.05;187.3;113.447
1162;2005.0;56.0;0.0;0.0;4.0;2.0;6.3;-6.05;134.8;308.738
1163;2005.0;56.0;0.0;0.0;4.0;3.0;-6.3;-6.05;96.9;465.266
1164;2005.0;56.0;0.0;0.0;4.0;4.0;-18.9;-30.25;13.2;856.812
1165;2006.0;56.0;0.0;0.0;3.0;1.0;6.3;6.05;187.3;116.422
1166;2006.0;56.0;0.0;0.0;3.0;2.0;6.3;-6.05;134.8;365.169
1167;2006.0;56.0;0.0;0.0;3.0;3.0;18.9;-18.15;96.9;548.959
1168;2007.0;56.0;0.0;0.0;3.0;1.0;6.3;6.05;187.3;105.719
1169;2007.0;56.0;0.0;0.0;3.0;2.0;-6.3;6.05;134.8;32.947
1170;2007.0;56.0;0.0;0.0;3.0;4.0;-6.3;42.35;13.2;974.491
1171;2008.0;56.0;0.0;0.0;3.0;1.0;6.3;6.05;187.3;117.681
1172;2008.0;56.0;0.0;0.0;3.0;2.0;6.3;-6.05;134.8;328.727
1173;2008.0;56.0;0.0;0.0;3.0;3.0;6.3;-18.15;96.9;515.002
1174;2009.0;56.0;0.0;0.0;3.0;1.0;6.3;6.05;187.3;114.699
1175;2009.0;56.0;0.0;0.0;3.0;3.0;-6.3;-6.05;96.9;413.099
1176;2009.0;56.0;0.0;0.0;3.0;4.0;6.3;-18.15;13.2;779.984
1177;2010.0;56.0;0.0;0.0;2.0;1.0;6.3;6.05;187.3;109.583
1178;2010.0;56.0;0.0;0.0;2.0;4.0;-31.5;18.15;13.2;86.464
1179;2011.0;56.0;0.0;0.0;4.0;1.0;6.3;6.05;187.3;11.377
1180;2011.0;56.0;0.0;0.0;4.0;2.0;6.3;6.05;134.8;312.405
1181;2011.0;56.0;0.0;0.0;4.0;3.0;6.3;6.05;96.9;486.098
1182;2011.0;56.0;0.0;0.0;4.0;4.0;6.3;42.35;13.2;947.759
1183;2012.0;56.0;0.0;0.0;4.0;1.0;6.3;6.05;187.3;112.971
1184;2012.0;56.0;0.0;0.0;4.0;2.0;6.3;6.05;134.8;308.354
1185;2012.0;56.0;0.0;0.0;4.0;3.0;18.9;-6.05;96.9;490.962
1186;2012.0;56.0;0.0;0.0;4.0;4.0;31.5;-6.05;13.2;902.976
1187;2013.0;56.0;0.0;0.0;4.0;1.0;6.3;6.05;187.3;110.522
1188;2013.0;56.0;0.0;0.0;4.0;2.0;6.3;-6.05;134.8;30.618
1189;2013.0;56.0;0.0;0.0;4.0;3.0;6.3;-6.05;96.9;459.809
1190;2013.0;56.0;0.0;0.0;4.0;4.0;6.3;-18.15;13.2;781.063
1191;2014.0;56.0;0.0;0.0;4.0;1.0;6.3;6.05;187.3;107.953
1192;2014.0;56.0;0.0;0.0;4.0;2.0;6.3;-6.05;134.8;295.253
1193;2014.0;56.0;0.0;0.0;4.0;3.0;6.3;-6.05;96.9;422.437
1194;2014.0;56.0;0.0;0.0;4.0;4.0;6.3;-6.05;13.2;741.087
1195;2015.0;56.0;0.0;0.0;4.0;1.0;6.3;6.05;187.3;112.896
1196;2015.0;56.0;0.0;0.0;4.0;2.0;-6.3;-6.05;134.8;301.417
1197;2015.0;56.0;0.0;0.0;4.0;3.0;-6.3;-6.05;96.9;45.652
1198;2015.0;56.0;0.0;0.0;4.0;4.0;-6.3;-18.15;13.2;780.325
1199;2016.0;56.0;0.0;0.0;4.0;1.0;6.3;6.05;187.3;119.424
1200;2016.0;56.0;0.0;0.0;4.0;2.0;6.3;6.05;134.8;349.697
1201;2016.0;56.0;0.0;0.0;4.0;3.0;6.3;6.05;96.9;471.301
1202;2016.0;56.0;0.0;0.0;4.0;4.0;31.5;-6.05;13.2;855.907
1203;2017.0;56.0;0.0;0.0;3.0;1.0;6.3;6.05;187.3;115.944
1204;2017.0;56.0;0.0;0.0;3.0;3.0;-6.3;-6.05;96.9;448.861
1205;2017.0;56.0;0.0;0.0;3.0;4.0;-18.9;-6.05;13.2;797.447
1206;2018.0;56.0;0.0;0.0;2.0;1.0;6.3;6.05;187.3;11.281
1207;2018.0;56.0;0.0;0.0;2.0;3.0;-6.3;-18.15;96.9;586.059
1208;2019.0;56.0;0.0;0.0;4.0;1.0;6.3;6.05;187.3;115.343
1209;2019.0;56.0;0.0;0.0;4.0;2.0;6.3;-6.05;134.8;333.176
1210;2019.0;56.0;0.0;0.0;4.0;3.0;18.9;6.05;96.9;516.373
1211;2019.0;56.0;0.0;0.0;4.0;4.0;31.5;6.05;13.2;901.976
1212;2020.0;56.0;0.0;0.0;4.0;1.0;6.3;6.05;187.3;112.653
1213;2020.0;56.0;0.0;0.0;4.0;2.0;-6.3;-6.05;134.8;296.431
1214;2020.0;56.0;0.0;0.0;4.0;3.0;-6.3;-6.05;96.9;48.183
1215;2020.0;56.0;0.0;0.0;4.0;4.0;-6.3;-18.15;13.2;824.828
1216;2021.0;56.0;0.0;0.0;5.0;1.0;6.3;6.05;187.3;105.724
1217;2021.0;56.0;0.0;0.0;5.0;2.0;6.3;-6.05;134.8;328.707
1218;2021.0;56.0;0.0;0.0;5.0;3.0;18.9;-6.05;96.9;541.356
1219;2021.0;56.0;0.0;0.0;5.0;4.0;56.7;-6.05;13.2;102.381
1220;2021.0;56.0;0.0;0.0;5.0;4.0;44.1;-18.15;13.2;9.96
1221;2022.0;56.0;0.0;0.0;3.0;1.0;6.3;6.05;187.3;115.672
1222;2022.0;56.0;0.0;0.0;3.0;2.0;6.3;-6.05;134.8;330.946
1223;2022.0;56.0;0.0;0.0;3.0;3.0;31.5;-6.05;96.9;578.856
1224;2023.0;56.0;0.0;0.0;2.0;1.0;6.3;6.05;187.3;115.052
1225;2023.0;56.0;0.0;0.0;2.0;4.0;6.3;-6.05;13.2;694.785
1226;2024.0;56.0;0.0;0.0;4.0;1.0;6.3;6.05;187.3;10.852
1227;2024.0;56.0;0.0;0.0;4.0;2.0;6.3;6.05;134.8;337.655
1228;2024.0;56.0;0.0;0.0;4.0;3.0;6.3;18.15;96.9;490.801
1229;2024.0;56.0;0.0;0.0;4.0;4.0;18.9;6.05;13.2;798.536
1230;2025.0;56.0;0.0;0.0;4.0;1.0;6.3;6.05;187.3;109.085
1231;2025.0;56.0;0.0;0.0;4.0;2.0;-6.3;6.05;134.8;33.093
1232;2025.0;56.0;0.0;0.0;4.0;3.0;-6.3;18.15;96.9;514.577
1233;2025.0;56.0;0.0;0.0;4.0;4.0;-6.3;54.45;13.2;977.307
1234;2026.0;56.0;0.0;0.0;3.0;1.0;6.3;6.05;187.3;106.406
1235;2026.0;56.0;0.0;0.0;3.0;2.0;6.3;-6.05;134.8;34.167
1236;2026.0;56.0;0.0;0.0;3.0;3.0;18.9;-6.05;96.9;517.963
1237;2027.0;56.0;0.0;0.0;1.0;1.0;6.3;6.05;187.3;117.639
1238;2028.0;56.0;0.0;0.0;4.0;1.0;6.3;6.05;187.3;114.163
1239;2028.0;56.0;0.0;0.0;4.0;2.0;-6.3;6.05;134.8;318.002
1240;2028.0;56.0;0.0;0.0;4.0;3.0;-6.3;6.05;96.9;464.762
1241;2028.0;56.0;0.0;0.0;4.0;4.0;-6.3;6.05;13.2;751.038
1242;2029.0;56.0;0.0;0.0;4.0;1.0;6.3;6.05;187.3;110.855
1243;2029.0;56.0;0.0;0.0;4.0;2.0;6.3;-6.05;134.8;288.715
1244;2029.0;56.0;0.0;0.0;4.0;3.0;6.3;6.05;96.9;441.224
1245;2029.0;56.0;0.0;0.0;4.0;4.0;6.3;18.15;13.2;794.988
1246;2030.0;56.0;0.0;0.0;3.0;1.0;6.3;6.05;187.3;103.563
1247;2030.0;56.0;0.0;0.0;3.0;2.0;-6.3;-6.05;134.8;31.244
1248;2030.0;56.0;0.0;0.0;3.0;3.0;-6.3;-6.05;96.9;465.397
1249;2031.0;56.0;0.0;0.0;4.0;1.0;6.3;6.05;187.3;118.256
1250;2031.0;56.0;0.0;0.0;4.0;2.0;-6.3;-6.05;134.8;29.389
1251;2031.0;56.0;0.0;0.0;4.0;3.0;-6.3;6.05;96.9;438.287
1252;2031.0;56.0;0.0;0.0;4.0;4.0;-6.3;-6.05;13.2;724.831
1253;2032.0;56.0;0.0;0.0;3.0;1.0;6.3;6.05;187.3;118.434
1254;2032.0;56.0;0.0;0.0;3.0;2.0;6.3;6.05;134.8;331.303
1255;2032.0;56.0;0.0;0.0;3.0;3.0;6.3;6.05;96.9;481.162
1256;2033.0;56.0;0.0;0.0;3.0;1.0;6.3;6.05;187.3;116.178
1257;2033.0;56.0;0.0;0.0;3.0;3.0;6.3;-6.05;96.9;443.482
1258;2033.0;56.0;0.0;0.0;3.0;4.0;18.9;-18.15;13.2;825.342
1259;2034.0;56.0;0.0;0.0;3.0;1.0;6.3;6.05;187.3;112.321
1260;2034.0;56.0;0.0;0.0;3.0;2.0;6.3;18.15;134.8;407.879
1261;2034.0;56.0;0.0;0.0;3.0;3.0;6.3;42.35;96.9;646.618
1262;2035.0;56.0;0.0;0.0;3.0;1.0;6.3;6.05;187.3;115.221
1263;2035.0;56.0;0.0;0.0;3.0;2.0;-6.3;-6.05;134.8;306.766
1264;2035.0;56.0;0.0;0.0;3.0;4.0;18.9;-6.05;13.2;837.644
1265;2036.0;56.0;0.0;0.0;4.0;1.0;6.3;6.05;187.3;112.183
1266;2036.0;56.0;0.0;0.0;4.0;2.0;6.3;6.05;134.8;310.885
1267;2036.0;56.0;0.0;0.0;4.0;3.0;6.3;6.05;96.9;441.153
1268;2036.0;56.0;0.0;0.0;4.0;4.0;-6.3;30.25;13.2;846.732
1269;2037.0;56.0;0.0;0.0;4.0;1.0;6.3;6.05;187.3;114.512
1270;2037.0;56.0;0.0;0.0;4.0;2.0;6.3;-6.05;134.8;31.774
1271;2037.0;56.0;0.0;0.0;4.0;3.0;-6.3;-6.05;96.9;461.726
1272;2037.0;56.0;0.0;0.0;4.0;4.0;-31.5;-30.25;13.2;937.226
1273;2038.0;56.0;0.0;0.0;3.0;1.0;6.3;6.05;187.3;11.259
1274;2038.0;56.0;0.0;0.0;3.0;2.0;18.9;-6.05;134.8;366.233
1275;2038.0;56.0;0.0;0.0;3.0;3.0;31.5;-6.05;96.9;591.922
1276;2039.0;56.0;0.0;0.0;4.0;1.0;6.3;6.05;187.3;113.232
1277;2039.0;56.0;0.0;0.0;4.0;2.0;18.9;6.05;134.8;360.139
1278;2039.0;56.0;0.0;0.0;4.0;3.0;18.9;6.05;96.9;523.442
1279;2039.0;56.0;0.0;0.0;4.0;4.0;31.5;18.15;13.2;861.138
1280;2040.0;56.0;0.0;0.0;5.0;1.0;6.3;6.05;187.3;105.181
1281;2040.0;56.0;0.0;0.0;5.0;2.0;-6.3;6.05;134.8;303.428
1282;2040.0;56.0;0.0;0.0;5.0;3.0;6.3;6.05;96.9;41.481
1283;2040.0;56.0;0.0;0.0;5.0;4.0;18.9;-30.25;13.2;881.613
1284;2040.0;56.0;0.0;0.0;5.0;4.0;-6.3;18.15;13.2;812.847
1285;2041.0;56.0;0.0;0.0;4.0;1.0;6.3;6.05;187.3;118.693
1286;2041.0;56.0;0.0;0.0;4.0;2.0;6.3;6.05;134.8;323.359
1287;2041.0;56.0;0.0;0.0;4.0;3.0;18.9;6.05;96.9;564.213
1288;2041.0;56.0;0.0;0.0;4.0;4.0;44.1;-6.05;13.2;944.023
1289;2042.0;56.0;0.0;0.0;3.0;1.0;6.3;6.05;187.3;115.058
1290;2042.0;56.0;0.0;0.0;3.0;2.0;-6.3;6.05;134.8;365.341
1291;2042.0;56.0;0.0;0.0;3.0;3.0;-6.3;18.15;96.9;552.063
1292;2043.0;56.0;0.0;0.0;3.0;1.0;6.3;6.05;187.3;11.723
1293;2043.0;56.0;0.0;0.0;3.0;3.0;-6.3;6.05;96.9;457.071
1294;2043.0;56.0;0.0;0.0;3.0;4.0;-18.9;-6.05;13.2;807.256
1295;2044.0;56.0;0.0;0.0;4.0;1.0;6.3;6.05;187.3;108.576
1296;2044.0;56.0;0.0;0.0;4.0;2.0;6.3;18.15;134.8;366.665
1297;2044.0;56.0;0.0;0.0;4.0;3.0;-6.3;18.15;96.9;524.733
1298;2044.0;56.0;0.0;0.0;4.0;4.0;-18.9;18.15;13.2;84.174
1299;2045.0;56.0;0.0;0.0;3.0;1.0;6.3;6.05;187.3;117.856
1300;2045.0;56.0;0.0;0.0;3.0;2.0;-6.3;6.05;134.8;308.854
1301;2045.0;56.0;0.0;0.0;3.0;4.0;-6.3;-18.15;13.2;801.661
1302;2046.0;56.0;0.0;0.0;3.0;1.0;6.3;6.05;187.3;111.585
1303;2046.0;56.0;0.0;0.0;3.0;2.0;6.3;-6.05;134.8;294.256
1304;2046.0;56.0;0.0;0.0;3.0;3.0;-6.3;-6.05;96.9;447.247
1305;2047.0;56.0;0.0;0.0;4.0;1.0;6.3;6.05;187.3;118.024
1306;2047.0;56.0;0.0;0.0;4.0;2.0;6.3;-6.05;134.8;298.891
1307;2047.0;56.0;0.0;0.0;4.0;3.0;-6.3;-6.05;96.9;447.609
1308;2047.0;56.0;0.0;0.0;4.0;4.0;-18.9;-6.05;13.2;805.294
1309;2048.0;56.0;0.0;0.0;3.0;1.0;6.3;6.05;187.3;10.954
1310;2048.0;56.0;0.0;0.0;3.0;3.0;6.3;6.05;96.9;461.096
1311;2048.0;56.0;0.0;0.0;3.0;4.0;-6.3;30.25;13.2;864.163
1312;2049.0;56.0;0.0;0.0;4.0;1.0;6.3;6.05;187.3;115.761
1313;2049.0;56.0;0.0;0.0;4.0;2.0;-6.3;6.05;134.8;300.675
1314;2049.0;56.0;0.0;0.0;4.0;3.0;-6.3;6.05;96.9;44.885
1315;2049.0;56.0;0.0;0.0;4.0;4.0;6.3;18.15;13.2;778.275
1316;2050.0;56.0;0.0;0.0;2.0;1.0;6.3;6.05;187.3;119.101
1317;2050.0;56.0;0.0;0.0;2.0;4.0;-6.3;-30.25;13.2;852.186
1318;2051.0;56.0;0.0;0.0;4.0;1.0;6.3;6.05;187.3;117.324
1319;2051.0;56.0;0.0;0.0;4.0;2.0;6.3;6.05;134.8;321.261
1320;2051.0;56.0;0.0;0.0;4.0;3.0;6.3;6.05;96.9;488.498
1321;2051.0;56.0;0.0;0.0;4.0;4.0;-6.3;30.25;13.2;869.483
1322;2052.0;56.0;0.0;0.0;3.0;1.0;6.3;6.05;187.3;112.864
1323;2052.0;56.0;0.0;0.0;3.0;2.0;-6.3;-6.05;134.8;308.827
1324;2052.0;56.0;0.0;0.0;3.0;3.0;-6.3;6.05;96.9;456.288
1325;2053.0;56.0;0.0;0.0;4.0;1.0;6.3;6.05;187.3;108.764
1326;2053.0;56.0;0.0;0.0;4.0;2.0;6.3;6.05;134.8;329.141
1327;2053.0;56.0;0.0;0.0;4.0;3.0;6.3;18.15;96.9;500.657
1328;2053.0;56.0;0.0;0.0;4.0;4.0;-6.3;30.25;13.2;874.658
1329;2054.0;56.0;0.0;0.0;3.0;1.0;6.3;6.05;187.3;10.353
1330;2054.0;56.0;0.0;0.0;3.0;2.0;6.3;-6.05;134.8;306.584
1331;2054.0;56.0;0.0;0.0;3.0;3.0;6.3;-6.05;96.9;46.332
1332;2055.0;56.0;0.0;0.0;3.0;1.0;6.3;6.05;187.3;102.282
1333;2055.0;56.0;0.0;0.0;3.0;2.0;6.3;-18.15;134.8;369.083
1334;2055.0;56.0;0.0;0.0;3.0;3.0;6.3;-42.35;96.9;638.569
1335;2056.0;56.0;0.0;0.0;4.0;1.0;6.3;6.05;187.3;112.562
1336;2056.0;56.0;0.0;0.0;4.0;2.0;6.3;-6.05;134.8;293.262
1337;2056.0;56.0;0.0;0.0;4.0;3.0;6.3;6.05;96.9;44.553
1338;2056.0;56.0;0.0;0.0;4.0;4.0;18.9;18.15;13.2;868.421
1339;2057.0;56.0;0.0;0.0;4.0;1.0;6.3;6.05;187.3;121.562
1340;2057.0;56.0;0.0;0.0;4.0;2.0;-6.3;6.05;134.8;328.531
1341;2057.0;56.0;0.0;0.0;4.0;3.0;-6.3;18.15;96.9;483.357
1342;2057.0;56.0;0.0;0.0;4.0;4.0;-18.9;18.15;13.2;818.937
1343;2058.0;56.0;0.0;0.0;4.0;1.0;6.3;6.05;187.3;109.783
1344;2058.0;56.0;0.0;0.0;4.0;2.0;6.3;6.05;134.8;323.201
1345;2058.0;56.0;0.0;0.0;4.0;3.0;6.3;6.05;96.9;454.458
1346;2058.0;56.0;0.0;0.0;4.0;4.0;18.9;6.05;13.2;785.559
1347;2059.0;56.0;0.0;0.0;4.0;1.0;6.3;6.05;187.3;106.781
1348;2059.0;56.0;0.0;0.0;4.0;2.0;6.3;-6.05;134.8;344.427
1349;2059.0;56.0;0.0;0.0;4.0;3.0;18.9;-6.05;96.9;510.257
1350;2059.0;56.0;0.0;0.0;4.0;4.0;69.3;18.15;13.2;11.173
1351;2060.0;56.0;0.0;0.0;3.0;1.0;6.3;6.05;187.3;11.536
1352;2060.0;56.0;0.0;0.0;3.0;2.0;6.3;-6.05;134.8;310.108
1353;2060.0;56.0;0.0;0.0;3.0;4.0;-6.3;42.35;13.2;929.668
1354;2061.0;56.0;0.0;0.0;4.0;1.0;6.3;6.05;187.3;107.571
1355;2061.0;56.0;0.0;0.0;4.0;2.0;6.3;6.05;134.8;306.172
1356;2061.0;56.0;0.0;0.0;4.0;3.0;6.3;6.05;96.9;461.666
1357;2061.0;56.0;0.0;0.0;4.0;4.0;6.3;18.15;13.2;809.476
1358;2062.0;56.0;0.0;0.0;4.0;1.0;6.3;6.05;187.3;112.698
1359;2062.0;56.0;0.0;0.0;4.0;2.0;6.3;6.05;134.8;311.924
1360;2062.0;56.0;0.0;0.0;4.0;3.0;6.3;6.05;96.9;459.412
1361;2062.0;56.0;0.0;0.0;4.0;4.0;44.1;18.15;13.2;957.147
1362;2063.0;56.0;0.0;0.0;3.0;1.0;6.3;6.05;187.3;112.658
1363;2063.0;56.0;0.0;0.0;3.0;2.0;-6.3;6.05;134.8;308.759
1364;2063.0;56.0;0.0;0.0;3.0;3.0;-6.3;6.05;96.9;438.119
1365;2064.0;56.0;0.0;0.0;3.0;1.0;6.3;6.05;187.3;108.671
1366;2064.0;56.0;0.0;0.0;3.0;2.0;-6.3;6.05;134.8;352.355
1367;2064.0;56.0;0.0;0.0;3.0;4.0;-6.3;54.45;13.2;998.229
1368;2065.0;56.0;0.0;0.0;4.0;1.0;6.3;6.05;187.3;104.261
1369;2065.0;56.0;0.0;0.0;4.0;2.0;6.3;6.05;134.8;296.165
1370;2065.0;56.0;0.0;0.0;4.0;3.0;-6.3;-6.05;96.9;426.444
1371;2065.0;56.0;0.0;0.0;4.0;4.0;-6.3;-30.25;13.2;853.954
1372;2066.0;56.0;0.0;0.0;2.0;1.0;6.3;6.05;187.3;109.973
1373;2066.0;56.0;0.0;0.0;2.0;4.0;-6.3;-30.25;13.2;871.569
1374;2067.0;56.0;0.0;0.0;3.0;1.0;6.3;6.05;187.3;115.264
1375;2067.0;56.0;0.0;0.0;3.0;2.0;6.3;6.05;134.8;320.349
1376;2067.0;56.0;0.0;0.0;3.0;3.0;18.9;6.05;96.9;504.051
1377;2068.0;56.0;0.0;0.0;4.0;1.0;6.3;6.05;187.3;10.818
1378;2068.0;56.0;0.0;0.0;4.0;2.0;6.3;6.05;134.8;297.178
1379;2068.0;56.0;0.0;0.0;4.0;3.0;6.3;6.05;96.9;425.239
1380;2068.0;56.0;0.0;0.0;4.0;3.0;6.3;-6.05;96.9;470.833
1381;2069.0;56.0;0.0;0.0;4.0;1.0;6.3;6.05;187.3;111.814
1382;2069.0;56.0;0.0;0.0;4.0;2.0;6.3;6.05;134.8;319.329
1383;2069.0;56.0;0.0;0.0;4.0;3.0;6.3;6.05;96.9;49.037
1384;2069.0;56.0;0.0;0.0;4.0;4.0;31.5;30.25;13.2;945.386
1385;2070.0;56.0;0.0;0.0;4.0;1.0;6.3;6.05;187.3;106.814
1386;2070.0;56.0;0.0;0.0;4.0;2.0;6.3;-6.05;134.8;298.513
1387;2070.0;56.0;0.0;0.0;4.0;3.0;6.3;-6.05;96.9;460.308
1388;2070.0;56.0;0.0;0.0;4.0;4.0;6.3;30.25;13.2;854.828
1389;2071.0;56.0;0.0;0.0;4.0;1.0;6.3;6.05;187.3;110.093
1390;2071.0;56.0;0.0;0.0;4.0;2.0;-6.3;6.05;134.8;301.797
1391;2071.0;56.0;0.0;0.0;4.0;3.0;-6.3;6.05;96.9;425.582
1392;2071.0;56.0;0.0;0.0;4.0;4.0;-18.9;-6.05;13.2;803.153
1393;2072.0;56.0;0.0;0.0;4.0;1.0;6.3;6.05;187.3;111.902
1394;2072.0;56.0;0.0;0.0;4.0;2.0;6.3;6.05;134.8;350.957
1395;2072.0;56.0;0.0;0.0;4.0;3.0;6.3;18.15;96.9;542.762
1396;2072.0;56.0;0.0;0.0;4.0;4.0;18.9;54.45;13.2;107.064
1397;2073.0;56.0;0.0;0.0;1.0;1.0;6.3;6.05;187.3;112.602
1398;2074.0;56.0;0.0;0.0;4.0;1.0;6.3;6.05;187.3;110.275
1399;2074.0;56.0;0.0;0.0;4.0;2.0;6.3;-6.05;134.8;293.244
1400;2074.0;56.0;0.0;0.0;4.0;3.0;6.3;-6.05;96.9;437.788
1401;2074.0;56.0;0.0;0.0;4.0;4.0;31.5;-42.35;13.2;103.523
1402;2075.0;56.0;0.0;0.0;2.0;1.0;6.3;6.05;187.3;114.584
1403;2075.0;56.0;0.0;0.0;2.0;3.0;6.3;6.05;96.9;421.079
1404;2076.0;56.0;0.0;0.0;3.0;1.0;6.3;6.05;187.3;109.098
1405;2076.0;56.0;0.0;0.0;3.0;2.0;-6.3;-6.05;134.8;291.973
1406;2076.0;56.0;0.0;0.0;3.0;3.0;-6.3;-6.05;96.9;445.111
1407;2077.0;56.0;0.0;0.0;3.0;1.0;6.3;6.05;187.3;115.012
1408;2077.0;56.0;0.0;0.0;3.0;3.0;-6.3;-6.05;96.9;423.849
1409;2077.0;56.0;0.0;0.0;3.0;4.0;6.3;-18.15;13.2;807.996
1410;2078.0;56.0;0.0;0.0;4.0;1.0;6.3;6.05;187.3;111.274
1411;2078.0;56.0;0.0;0.0;4.0;2.0;-6.3;-6.05;134.8;326.009
1412;2078.0;56.0;0.0;0.0;4.0;3.0;-6.3;-6.05;96.9;465.951
1413;2078.0;56.0;0.0;0.0;4.0;4.0;18.9;-6.05;13.2;84.176
1414;2079.0;56.0;0.0;0.0;2.0;1.0;6.3;6.05;187.3;111.069
1415;2079.0;56.0;0.0;0.0;2.0;2.0;18.9;6.05;134.8;412.263
1416;2080.0;56.0;0.0;0.0;4.0;1.0;6.3;6.05;187.3;108.301
1417;2080.0;56.0;0.0;0.0;4.0;2.0;6.3;-6.05;134.8;302.562
1418;2080.0;56.0;0.0;0.0;4.0;3.0;18.9;-18.15;96.9;585.527
1419;2080.0;56.0;0.0;0.0;4.0;4.0;44.1;-42.35;13.2;105.423
1420;2081.0;56.0;0.0;0.0;4.0;1.0;6.3;6.05;187.3;116.408
1421;2081.0;56.0;0.0;0.0;4.0;2.0;6.3;6.05;134.8;296.868
1422;2081.0;56.0;0.0;0.0;4.0;3.0;-6.3;-6.05;96.9;4.18
1423;2081.0;56.0;0.0;0.0;4.0;4.0;6.3;-18.15;13.2;790.328
1424;2082.0;56.0;0.0;0.0;4.0;1.0;6.3;6.05;187.3;111.886
1425;2082.0;56.0;0.0;0.0;4.0;2.0;6.3;6.05;134.8;323.966
1426;2082.0;56.0;0.0;0.0;4.0;3.0;6.3;6.05;96.9;4.493
1427;2082.0;56.0;0.0;0.0;4.0;4.0;6.3;6.05;13.2;735.063
1428;2083.0;56.0;0.0;0.0;3.0;1.0;6.3;6.05;187.3;107.681
1429;2083.0;56.0;0.0;0.0;3.0;2.0;6.3;-6.05;134.8;302.676
1430;2083.0;56.0;0.0;0.0;3.0;4.0;6.3;-30.25;13.2;867.969
1431;2084.0;56.0;0.0;0.0;2.0;1.0;6.3;6.05;187.3;108.792
1432;2084.0;56.0;0.0;0.0;2.0;2.0;-6.3;-6.05;134.8;289.342
1433;2085.0;56.0;0.0;0.0;3.0;1.0;6.3;6.05;187.3;110.886
1434;2085.0;56.0;0.0;0.0;3.0;3.0;-6.3;-6.05;96.9;444.733
1435;2085.0;56.0;0.0;0.0;3.0;4.0;-56.7;-6.05;13.2;105.462
1436;2086.0;56.0;0.0;0.0;4.0;1.0;6.3;6.05;187.3;110.214
1437;2086.0;56.0;0.0;0.0;4.0;2.0;-6.3;6.05;134.8;317.847
1438;2086.0;56.0;0.0;0.0;4.0;3.0;-6.3;6.05;96.9;480.101
1439;2086.0;56.0;0.0;0.0;4.0;4.0;-6.3;-6.05;13.2;769.792
1440;2087.0;56.0;0.0;0.0;4.0;1.0;6.3;6.05;187.3;117.501
1441;2087.0;56.0;0.0;0.0;4.0;2.0;-6.3;-6.05;134.8;308.474
1442;2087.0;56.0;0.0;0.0;4.0;3.0;-6.3;-6.05;96.9;473.227
1443;2087.0;56.0;0.0;0.0;4.0;4.0;-31.5;-42.35;13.2;98.459
1444;2088.0;56.0;0.0;0.0;4.0;1.0;6.3;6.05;187.3;113.788
1445;2088.0;56.0;0.0;0.0;4.0;2.0;6.3;-6.05;134.8;299.826
1446;2088.0;56.0;0.0;0.0;4.0;3.0;6.3;-6.05;96.9;466.702
1447;2088.0;56.0;0.0;0.0;4.0;4.0;6.3;-18.15;13.2;824.439
1448;2089.0;56.0;0.0;0.0;4.0;1.0;6.3;6.05;187.3;117.038
1449;2089.0;56.0;0.0;0.0;4.0;2.0;-6.3;6.05;134.8;316.473
1450;2089.0;56.0;0.0;0.0;4.0;3.0;-6.3;6.05;96.9;47.273
1451;2089.0;56.0;0.0;0.0;4.0;4.0;-6.3;18.15;13.2;779.487
1452;2090.0;56.0;0.0;0.0;3.0;1.0;6.3;6.05;187.3;117.289
1453;2090.0;56.0;0.0;0.0;3.0;2.0;-6.3;6.05;134.8;332.718
1454;2090.0;56.0;0.0;0.0;3.0;3.0;-18.9;6.05;96.9;497.772
1455;2091.0;56.0;0.0;0.0;4.0;1.0;6.3;6.05;187.3;104.546
1456;2091.0;56.0;0.0;0.0;4.0;2.0;6.3;-6.05;134.8;300.612
1457;2091.0;56.0;0.0;0.0;4.0;3.0;6.3;-6.05;96.9;466.937
1458;2091.0;56.0;0.0;0.0;4.0;4.0;31.5;-18.15;13.2;876.862
1459;2092.0;56.0;0.0;0.0;3.0;1.0;6.3;6.05;187.3;111.523
1460;2092.0;56.0;0.0;0.0;3.0;2.0;-6.3;6.05;134.8;312.681
1461;2092.0;56.0;0.0;0.0;3.0;3.0;-6.3;6.05;96.9;451.028
1462;2093.0;56.0;0.0;0.0;4.0;1.0;6.3;6.05;187.3;110.106
1463;2093.0;56.0;0.0;0.0;4.0;2.0;-6.3;6.05;134.8;324.972
1464;2093.0;56.0;0.0;0.0;4.0;3.0;-6.3;6.05;96.9;448.843
1465;2093.0;56.0;0.0;0.0;4.0;4.0;18.9;6.05;13.2;78.975
1466;2094.0;56.0;0.0;0.0;3.0;1.0;6.3;6.05;187.3;110.155
1467;2094.0;56.0;0.0;0.0;3.0;2.0;-6.3;-6.05;134.8;295.681
1468;2094.0;56.0;0.0;0.0;3.0;4.0;-18.9;-6.05;13.2;823.027
1469;2095.0;56.0;0.0;0.0;4.0;1.0;6.3;6.05;187.3;107.079
1470;2095.0;56.0;0.0;0.0;4.0;2.0;6.3;6.05;134.8;319.063
1471;2095.0;56.0;0.0;0.0;4.0;3.0;6.3;6.05;96.9;43.153
1472;2095.0;56.0;0.0;0.0;4.0;4.0;-31.5;18.15;13.2;904.115
1473;2096.0;56.0;0.0;0.0;4.0;1.0;6.3;6.05;187.3;110.326
1474;2096.0;56.0;0.0;0.0;4.0;2.0;-6.3;-6.05;134.8;317.372
1475;2096.0;56.0;0.0;0.0;4.0;3.0;-18.9;-6.05;96.9;511.855
1476;2096.0;56.0;0.0;0.0;4.0;4.0;-31.5;-42.35;13.2;101.686
1477;2097.0;56.0;0.0;0.0;4.0;1.0;6.3;6.05;187.3;114.486
1478;2097.0;56.0;0.0;0.0;4.0;2.0;6.3;6.05;134.8;32.887
1479;2097.0;56.0;0.0;0.0;4.0;3.0;18.9;6.05;96.9;494.513
1480;2097.0;56.0;0.0;0.0;4.0;4.0;18.9;-6.05;13.2;816.863
1481;2098.0;56.0;0.0;0.0;2.0;1.0;6.3;6.05;187.3;107.492
1482;2098.0;56.0;0.0;0.0;2.0;3.0;-6.3;-18.15;96.9;545.136
1483;2099.0;56.0;0.0;0.0;4.0;1.0;6.3;6.05;187.3;113.602
1484;2099.0;56.0;0.0;0.0;4.0;2.0;6.3;-6.05;134.8;334.737
1485;2099.0;56.0;0.0;0.0;4.0;3.0;18.9;-6.05;96.9;518.302
1486;2099.0;56.0;0.0;0.0;4.0;4.0;44.1;-6.05;13.2;951.971
1487;2100.0;56.0;0.0;0.0;4.0;1.0;6.3;6.05;187.3;117.503
1488;2100.0;56.0;0.0;0.0;4.0;2.0;6.3;6.05;134.8;341.553
1489;2100.0;56.0;0.0;0.0;4.0;3.0;6.3;18.15;96.9;499.312
1490;2100.0;56.0;0.0;0.0;4.0;4.0;44.1;-6.05;13.2;998.072
0;3001.0;100.0;0.0;0.0;3.0;1.0;6.3;6.05;187.3;112.957
1;3001.0;100.0;0.0;0.0;3.0;2.0;6.3;6.05;134.8;317.644
2;3001.0;100.0;0.0;0.0;3.0;4.0;31.5;18.15;13.2;89.189
3;3002.0;100.0;0.0;0.0;3.0;1.0;6.3;6.05;187.3;11.484
4;3002.0;100.0;0.0;0.0;3.0;2.0;-6.3;-6.05;134.8;288.073
5;3002.0;100.0;0.0;0.0;3.0;4.0;6.3;6.05;13.2;716.903
6;3003.0;100.0;0.0;0.0;3.0;1.0;6.3;6.05;187.3;110.271
7;3003.0;100.0;0.0;0.0;3.0;3.0;6.3;-6.05;96.9;46.338
8;3003.0;100.0;0.0;0.0;3.0;4.0;6.3;-30.25;13.2;906.787
9;3004.0;100.0;0.0;0.0;4.0;1.0;6.3;6.05;187.3;111.798
10;3004.0;100.0;0.0;0.0;4.0;2.0;6.3;6.05;134.8;317.573
11;3004.0;100.0;0.0;0.0;4.0;3.0;6.3;6.05;96.9;493.525
12;3004.0;100.0;0.0;0.0;4.0;4.0;31.5;30.25;13.2;941.268
13;3005.0;100.0;0.0;0.0;4.0;1.0;6.3;6.05;187.3;117.997
14;3005.0;100.0;0.0;0.0;4.0;2.0;6.3;6.05;134.8;310.209
15;3005.0;100.0;0.0;0.0;4.0;3.0;6.3;6.05;96.9;454.893
16;3005.0;100.0;0.0;0.0;4.0;4.0;6.3;18.15;13.2;769.374
17;3006.0;100.0;0.0;0.0;4.0;1.0;6.3;6.05;187.3;108.816
18;3006.0;100.0;0.0;0.0;4.0;2.0;6.3;6.05;134.8;277.091
19;3006.0;100.0;0.0;0.0;4.0;3.0;6.3;-6.05;96.9;434.143
20;3006.0;100.0;0.0;0.0;4.0;4.0;6.3;-6.05;13.2;727.692
21;3007.0;100.0;0.0;0.0;4.0;1.0;6.3;6.05;187.3;106.745
22;3007.0;100.0;0.0;0.0;4.0;2.0;6.3;6.05;134.8;311.248
23;3007.0;100.0;0.0;0.0;4.0;3.0;-6.3;6.05;96.9;439.118
24;3007.0;100.0;0.0;0.0;4.0;4.0;-6.3;-30.25;13.2;922.785
25;3008.0;100.0;0.0;0.0;3.0;1.0;6.3;6.05;187.3;115.278
26;3008.0;100.0;0.0;0.0;3.0;3.0;-6.3;6.05;96.9;43.567
27;3008.0;100.0;0.0;0.0;3.0;3.0;6.3;6.05;96.9;429.386
28;3009.0;100.0;0.0;0.0;3.0;1.0;6.3;6.05;187.3;109.285
29;3009.0;100.0;0.0;0.0;3.0;3.0;-6.3;6.05;96.9;426.227
30;3009.0;100.0;0.0;0.0;3.0;4.0;-6.3;6.05;13.2;736.244
31;3010.0;100.0;0.0;0.0;5.0;1.0;6.3;6.05;187.3;11.575
32;3010.0;100.0;0.0;0.0;5.0;2.0;6.3;6.05;134.8;287.212
33;3010.0;100.0;0.0;0.0;5.0;3.0;-6.3;6.05;96.9;441.527
34;3010.0;100.0;0.0;0.0;5.0;4.0;-56.7;54.45;13.2;122.315
35;3010.0;100.0;0.0;0.0;5.0;4.0;-18.9;6.05;13.2;775.585
36;3011.0;100.0;0.0;0.0;4.0;1.0;6.3;6.05;187.3;113.489
37;3011.0;100.0;0.0;0.0;4.0;2.0;6.3;6.05;134.8;290.683
38;3011.0;100.0;0.0;0.0;4.0;3.0;6.3;6.05;96.9;427.581
39;3011.0;100.0;0.0;0.0;4.0;4.0;6.3;6.05;13.2;746.504
40;3012.0;100.0;0.0;0.0;3.0;1.0;6.3;6.05;187.3;113.378
41;3012.0;100.0;0.0;0.0;3.0;3.0;-6.3;6.05;96.9;440.449
42;3012.0;100.0;0.0;0.0;3.0;4.0;-31.5;30.25;13.2;982.945
43;3013.0;100.0;0.0;0.0;3.0;1.0;6.3;6.05;187.3;115.811
44;3013.0;100.0;0.0;0.0;3.0;2.0;-6.3;-6.05;134.8;291.144
45;3013.0;100.0;0.0;0.0;3.0;3.0;-6.3;-6.05;96.9;431.317
46;3014.0;100.0;0.0;0.0;3.0;1.0;6.3;6.05;187.3;109.796
47;3014.0;100.0;0.0;0.0;3.0;3.0;-6.3;6.05;96.9;436.527
48;3014.0;100.0;0.0;0.0;3.0;4.0;-18.9;18.15;13.2;866.009
49;3015.0;100.0;0.0;0.0;5.0;1.0;6.3;6.05;187.3;105.818
50;3015.0;100.0;0.0;0.0;5.0;2.0;6.3;6.05;134.8;340.166
51;3015.0;100.0;0.0;0.0;5.0;3.0;18.9;6.05;96.9;498.128
52;3015.0;100.0;0.0;0.0;5.0;4.0;18.9;30.25;13.2;892.614
53;3015.0;100.0;0.0;0.0;5.0;4.0;-6.3;6.05;13.2;733.878
54;3016.0;100.0;0.0;0.0;2.0;1.0;6.3;6.05;187.3;109.875
55;3016.0;100.0;0.0;0.0;2.0;4.0;-6.3;6.05;13.2;731.969
56;3017.0;100.0;0.0;0.0;3.0;1.0;6.3;6.05;187.3;11.254
57;3017.0;100.0;0.0;0.0;3.0;2.0;6.3;6.05;134.8;28.479
58;3017.0;100.0;0.0;0.0;3.0;3.0;6.3;6.05;96.9;430.837
59;3018.0;100.0;0.0;0.0;3.0;1.0;6.3;6.05;187.3;109.685
60;3018.0;100.0;0.0;0.0;3.0;3.0;6.3;-6.05;96.9;439.555
61;3018.0;100.0;0.0;0.0;3.0;4.0;18.9;6.05;13.2;788.518
62;3019.0;100.0;0.0;0.0;3.0;1.0;6.3;6.05;187.3;111.509
63;3019.0;100.0;0.0;0.0;3.0;3.0;6.3;-6.05;96.9;432.973
64;3019.0;100.0;0.0;0.0;3.0;4.0;-18.9;-6.05;13.2;782.501
65;3020.0;100.0;0.0;0.0;3.0;1.0;6.3;6.05;187.3;115.461
66;3020.0;100.0;0.0;0.0;3.0;2.0;6.3;6.05;134.8;309.364
67;3020.0;100.0;0.0;0.0;3.0;3.0;6.3;6.05;96.9;463.278
68;3021.0;100.0;0.0;0.0;4.0;1.0;6.3;6.05;187.3;110.939
69;3021.0;100.0;0.0;0.0;4.0;2.0;6.3;6.05;134.8;306.987
70;3021.0;100.0;0.0;0.0;4.0;3.0;6.3;6.05;96.9;469.251
71;3021.0;100.0;0.0;0.0;4.0;4.0;6.3;18.15;13.2;780.437
72;3022.0;100.0;0.0;0.0;4.0;1.0;6.3;6.05;187.3;11.441
73;3022.0;100.0;0.0;0.0;4.0;2.0;6.3;6.05;134.8;307.778
74;3022.0;100.0;0.0;0.0;4.0;3.0;6.3;6.05;96.9;466.665
75;3022.0;100.0;0.0;0.0;4.0;4.0;6.3;18.15;13.2;793.721
76;3023.0;100.0;0.0;0.0;2.0;1.0;6.3;6.05;187.3;112.825
77;3023.0;100.0;0.0;0.0;2.0;4.0;-6.3;6.05;13.2;707.858
78;3024.0;100.0;0.0;0.0;4.0;1.0;6.3;6.05;187.3;111.929
79;3024.0;100.0;0.0;0.0;4.0;2.0;6.3;-6.05;134.8;29.964
80;3024.0;100.0;0.0;0.0;4.0;3.0;6.3;-6.05;96.9;442.168
81;3024.0;100.0;0.0;0.0;4.0;4.0;6.3;-6.05;13.2;741.019
82;3025.0;100.0;0.0;0.0;4.0;1.0;6.3;6.05;187.3;115.364
83;3025.0;100.0;0.0;0.0;4.0;2.0;-6.3;-6.05;134.8;315.209
84;3025.0;100.0;0.0;0.0;4.0;3.0;18.9;-30.25;96.9;639.915
85;3025.0;100.0;0.0;0.0;4.0;4.0;-6.3;6.05;13.2;735.451
86;3026.0;100.0;0.0;0.0;3.0;1.0;6.3;6.05;187.3;113.227
87;3026.0;100.0;0.0;0.0;3.0;2.0;-6.3;6.05;134.8;304.768
88;3026.0;100.0;0.0;0.0;3.0;4.0;6.3;6.05;13.2;711.502
89;3027.0;100.0;0.0;0.0;4.0;1.0;6.3;6.05;187.3;113.072
90;3027.0;100.0;0.0;0.0;4.0;2.0;-6.3;6.05;134.8;2.902
91;3027.0;100.0;0.0;0.0;4.0;3.0;-6.3;6.05;96.9;427.558
92;3027.0;100.0;0.0;0.0;4.0;4.0;-6.3;6.05;13.2;748.012
93;3028.0;100.0;0.0;0.0;3.0;1.0;6.3;6.05;187.3;10.959
94;3028.0;100.0;0.0;0.0;3.0;3.0;-6.3;6.05;96.9;439.272
95;3028.0;100.0;0.0;0.0;3.0;4.0;-31.5;-6.05;13.2;897.867
96;3029.0;100.0;0.0;0.0;4.0;1.0;6.3;6.05;187.3;114.903
97;3029.0;100.0;0.0;0.0;4.0;2.0;6.3;-6.05;134.8;294.511
98;3029.0;100.0;0.0;0.0;4.0;3.0;6.3;-6.05;96.9;438.159
99;3029.0;100.0;0.0;0.0;4.0;4.0;6.3;-6.05;13.2;759.916
100;3030.0;100.0;0.0;0.0;4.0;1.0;6.3;6.05;187.3;120.344
101;3030.0;100.0;0.0;0.0;4.0;2.0;6.3;-6.05;134.8;302.714
102;3030.0;100.0;0.0;0.0;4.0;3.0;6.3;-6.05;96.9;435.799
103;3030.0;100.0;0.0;0.0;4.0;4.0;6.3;-6.05;13.2;724.432
104;3031.0;100.0;0.0;0.0;4.0;1.0;6.3;6.05;187.3;114.907
105;3031.0;100.0;0.0;0.0;4.0;2.0;-6.3;6.05;134.8;29.324
106;3031.0;100.0;0.0;0.0;4.0;3.0;-6.3;6.05;96.9;430.234
107;3031.0;100.0;0.0;0.0;4.0;4.0;6.3;6.05;13.2;726.992
108;3032.0;100.0;0.0;0.0;4.0;1.0;6.3;6.05;187.3;119.137
109;3032.0;100.0;0.0;0.0;4.0;2.0;6.3;-6.05;134.8;29.147
110;3032.0;100.0;0.0;0.0;4.0;3.0;6.3;-6.05;96.9;425.286
111;3032.0;100.0;0.0;0.0;4.0;4.0;18.9;-18.15;13.2;85.387
112;3033.0;100.0;0.0;0.0;4.0;1.0;6.3;6.05;187.3;104.608
113;3033.0;100.0;0.0;0.0;4.0;2.0;6.3;-6.05;134.8;316.143
114;3033.0;100.0;0.0;0.0;4.0;3.0;6.3;-6.05;96.9;471.533
115;3033.0;100.0;0.0;0.0;4.0;4.0;18.9;-6.05;13.2;805.818
116;3034.0;100.0;0.0;0.0;3.0;1.0;6.3;6.05;187.3;110.027
117;3034.0;100.0;0.0;0.0;3.0;3.0;-6.3;6.05;96.9;431.688
118;3034.0;100.0;0.0;0.0;3.0;4.0;-6.3;-6.05;13.2;692.496
119;3035.0;100.0;0.0;0.0;2.0;1.0;6.3;6.05;187.3;109.434
120;3035.0;100.0;0.0;0.0;2.0;4.0;6.3;6.05;13.2;747.983
121;3036.0;100.0;0.0;0.0;4.0;1.0;6.3;6.05;187.3;114.037
122;3036.0;100.0;0.0;0.0;4.0;2.0;6.3;6.05;134.8;322.229
123;3036.0;100.0;0.0;0.0;4.0;3.0;18.9;6.05;96.9;491.226
124;3036.0;100.0;0.0;0.0;4.0;4.0;44.1;30.25;13.2;981.204
125;3037.0;100.0;0.0;0.0;5.0;1.0;6.3;6.05;187.3;122.191
126;3037.0;100.0;0.0;0.0;5.0;2.0;6.3;6.05;134.8;295.958
127;3037.0;100.0;0.0;0.0;5.0;3.0;-6.3;-6.05;96.9;428.503
128;3037.0;100.0;0.0;0.0;5.0;2.0;-31.5;-18.15;134.8;135.383
129;3037.0;100.0;0.0;0.0;5.0;1.0;-44.1;-6.05;187.3;159.856
130;3038.0;100.0;0.0;0.0;3.0;1.0;6.3;6.05;187.3;11.494
131;3038.0;100.0;0.0;0.0;3.0;2.0;6.3;6.05;134.8;290.993
132;3038.0;100.0;0.0;0.0;3.0;3.0;6.3;-6.05;96.9;432.096
133;3039.0;100.0;0.0;0.0;4.0;1.0;6.3;6.05;187.3;107.569
134;3039.0;100.0;0.0;0.0;4.0;2.0;-6.3;6.05;134.8;304.565
135;3039.0;100.0;0.0;0.0;4.0;3.0;-6.3;6.05;96.9;444.241
136;3039.0;100.0;0.0;0.0;4.0;4.0;-18.9;-6.05;13.2;815.743
137;3040.0;100.0;0.0;0.0;4.0;1.0;6.3;6.05;187.3;111.186
138;3040.0;100.0;0.0;0.0;4.0;2.0;6.3;-6.05;134.8;313.762
139;3040.0;100.0;0.0;0.0;4.0;3.0;6.3;-6.05;96.9;480.674
140;3040.0;100.0;0.0;0.0;4.0;4.0;31.5;-18.15;13.2;876.395
141;3041.0;100.0;0.0;0.0;3.0;1.0;6.3;6.05;187.3;116.185
142;3041.0;100.0;0.0;0.0;3.0;3.0;-6.3;6.05;96.9;462.142
143;3041.0;100.0;0.0;0.0;3.0;4.0;-6.3;6.05;13.2;725.136
144;3042.0;100.0;0.0;0.0;4.0;1.0;6.3;6.05;187.3;113.935
145;3042.0;100.0;0.0;0.0;4.0;2.0;-6.3;6.05;134.8;287.472
146;3042.0;100.0;0.0;0.0;4.0;3.0;-6.3;6.05;96.9;424.801
147;3042.0;100.0;0.0;0.0;4.0;4.0;31.5;6.05;13.2;836.831
148;3043.0;100.0;0.0;0.0;3.0;1.0;6.3;6.05;187.3;11.272
149;3043.0;100.0;0.0;0.0;3.0;3.0;-6.3;-6.05;96.9;430.125
150;3043.0;100.0;0.0;0.0;3.0;4.0;-18.9;-18.15;13.2;867.838
151;3044.0;100.0;0.0;0.0;3.0;1.0;6.3;6.05;187.3;11.088
152;3044.0;100.0;0.0;0.0;3.0;2.0;-6.3;6.05;134.8;295.778
153;3044.0;100.0;0.0;0.0;3.0;3.0;-6.3;6.05;96.9;457.621
154;3045.0;100.0;0.0;0.0;4.0;1.0;6.3;6.05;187.3;11.014
155;3045.0;100.0;0.0;0.0;4.0;2.0;-6.3;-6.05;134.8;280.741
156;3045.0;100.0;0.0;0.0;4.0;3.0;6.3;-6.05;96.9;455.453
157;3045.0;100.0;0.0;0.0;4.0;4.0;31.5;6.05;13.2;865.827
158;3046.0;100.0;0.0;0.0;4.0;1.0;6.3;6.05;187.3;113.764
159;3046.0;100.0;0.0;0.0;4.0;2.0;6.3;-6.05;134.8;29.473
160;3046.0;100.0;0.0;0.0;4.0;3.0;6.3;-6.05;96.9;457.295
161;3046.0;100.0;0.0;0.0;4.0;4.0;18.9;-18.15;13.2;813.684
162;3047.0;100.0;0.0;0.0;4.0;1.0;6.3;6.05;187.3;11.859
163;3047.0;100.0;0.0;0.0;4.0;2.0;6.3;6.05;134.8;305.119
164;3047.0;100.0;0.0;0.0;4.0;3.0;6.3;6.05;96.9;428.865
165;3047.0;100.0;0.0;0.0;4.0;4.0;6.3;-6.05;13.2;738.108
166;3048.0;100.0;0.0;0.0;4.0;1.0;6.3;6.05;187.3;109.236
167;3048.0;100.0;0.0;0.0;4.0;3.0;-6.3;6.05;96.9;433.344
168;3048.0;100.0;0.0;0.0;4.0;4.0;-6.3;6.05;13.2;756.569
169;3048.0;100.0;0.0;0.0;4.0;4.0;-6.3;-6.05;13.2;738.256
170;3049.0;100.0;0.0;0.0;3.0;1.0;6.3;6.05;187.3;108.727
171;3049.0;100.0;0.0;0.0;3.0;2.0;6.3;6.05;134.8;307.348
172;3049.0;100.0;0.0;0.0;3.0;3.0;6.3;6.05;96.9;474.331
173;3050.0;100.0;0.0;0.0;4.0;1.0;6.3;6.05;187.3;112.541
174;3050.0;100.0;0.0;0.0;4.0;2.0;6.3;-6.05;134.8;286.639
175;3050.0;100.0;0.0;0.0;4.0;3.0;6.3;-6.05;96.9;426.098
176;3050.0;100.0;0.0;0.0;4.0;4.0;6.3;6.05;13.2;739.318
177;3051.0;100.0;0.0;0.0;3.0;1.0;6.3;6.05;187.3;118.915
178;3051.0;100.0;0.0;0.0;3.0;2.0;6.3;6.05;134.8;296.781
179;3051.0;100.0;0.0;0.0;3.0;4.0;6.3;-6.05;13.2;72.627
180;3052.0;100.0;0.0;0.0;2.0;1.0;6.3;6.05;187.3;124.331
181;3052.0;100.0;0.0;0.0;2.0;4.0;-6.3;-6.05;13.2;707.511
182;3053.0;100.0;0.0;0.0;2.0;1.0;6.3;6.05;187.3;104.656
183;3053.0;100.0;0.0;0.0;2.0;2.0;6.3;-6.05;134.8;323.141
184;3054.0;100.0;0.0;0.0;5.0;1.0;6.3;6.05;187.3;109.667
185;3054.0;100.0;0.0;0.0;5.0;3.0;6.3;-6.05;96.9;460.169
186;3054.0;100.0;0.0;0.0;5.0;4.0;6.3;-30.25;13.2;867.981
187;3054.0;100.0;0.0;0.0;5.0;2.0;6.3;-6.05;134.8;296.487
188;3054.0;100.0;0.0;0.0;5.0;3.0;44.1;-6.05;96.9;702.455
189;3055.0;100.0;0.0;0.0;5.0;1.0;6.3;6.05;187.3;116.565
190;3055.0;100.0;0.0;0.0;5.0;2.0;-6.3;6.05;134.8;329.457
191;3055.0;100.0;0.0;0.0;5.0;3.0;-18.9;6.05;96.9;50.095
192;3055.0;100.0;0.0;0.0;5.0;4.0;-31.5;18.15;13.2;914.609
193;3055.0;100.0;0.0;0.0;5.0;4.0;-6.3;18.15;13.2;780.057
194;3056.0;100.0;0.0;0.0;4.0;1.0;6.3;6.05;187.3;112.643
195;3056.0;100.0;0.0;0.0;4.0;2.0;-6.3;-6.05;134.8;324.698
196;3056.0;100.0;0.0;0.0;4.0;3.0;-6.3;-6.05;96.9;488.732
197;3056.0;100.0;0.0;0.0;4.0;4.0;-31.5;-6.05;13.2;866.836
198;3057.0;100.0;0.0;0.0;4.0;1.0;6.3;6.05;187.3;11.401
199;3057.0;100.0;0.0;0.0;4.0;2.0;6.3;6.05;134.8;302.676
200;3057.0;100.0;0.0;0.0;4.0;3.0;6.3;6.05;96.9;447.637
201;3057.0;100.0;0.0;0.0;4.0;4.0;6.3;6.05;13.2;755.409
202;3058.0;100.0;0.0;0.0;3.0;1.0;6.3;6.05;187.3;106.858
203;3058.0;100.0;0.0;0.0;3.0;2.0;-6.3;6.05;134.8;291.592
204;3058.0;100.0;0.0;0.0;3.0;4.0;31.5;-42.35;13.2;104.158
205;3059.0;100.0;0.0;0.0;4.0;1.0;6.3;6.05;187.3;116.077
206;3059.0;100.0;0.0;0.0;4.0;2.0;-6.3;6.05;134.8;292.215
207;3059.0;100.0;0.0;0.0;4.0;3.0;-6.3;-6.05;96.9;429.898
208;3059.0;100.0;0.0;0.0;4.0;4.0;6.3;-6.05;13.2;725.255
209;3060.0;100.0;0.0;0.0;3.0;1.0;6.3;6.05;187.3;104.668
210;3060.0;100.0;0.0;0.0;3.0;2.0;6.3;6.05;134.8;287.327
211;3060.0;100.0;0.0;0.0;3.0;3.0;6.3;-6.05;96.9;430.896
212;3061.0;100.0;0.0;0.0;3.0;1.0;6.3;6.05;187.3;11.474
213;3061.0;100.0;0.0;0.0;3.0;2.0;-6.3;-6.05;134.8;31.063
214;3061.0;100.0;0.0;0.0;3.0;3.0;-6.3;-6.05;96.9;459.939
215;3062.0;100.0;0.0;0.0;5.0;1.0;6.3;6.05;187.3;110.254
216;3062.0;100.0;0.0;0.0;5.0;2.0;-6.3;6.05;134.8;295.735
217;3062.0;100.0;0.0;0.0;5.0;3.0;-6.3;6.05;96.9;431.207
218;3062.0;100.0;0.0;0.0;5.0;4.0;-6.3;30.25;13.2;87.861
219;3062.0;100.0;0.0;0.0;5.0;4.0;6.3;18.15;13.2;802.758
220;3063.0;100.0;0.0;0.0;2.0;1.0;6.3;6.05;187.3;115.734
221;3063.0;100.0;0.0;0.0;2.0;3.0;18.9;-6.05;96.9;497.053
222;3064.0;100.0;0.0;0.0;4.0;1.0;6.3;6.05;187.3;111.503
223;3064.0;100.0;0.0;0.0;4.0;2.0;-6.3;6.05;134.8;288.661
224;3064.0;100.0;0.0;0.0;4.0;3.0;-6.3;6.05;96.9;426.023
225;3064.0;100.0;0.0;0.0;4.0;4.0;-6.3;6.05;13.2;720.027
226;3065.0;100.0;0.0;0.0;6.0;1.0;6.3;6.05;187.3;113.711
227;3065.0;100.0;0.0;0.0;6.0;3.0;-6.3;-6.05;96.9;426.727
228;3065.0;100.0;0.0;0.0;6.0;4.0;-18.9;-6.05;13.2;820.161
229;3065.0;100.0;0.0;0.0;6.0;2.0;6.3;6.05;134.8;286.704
230;3065.0;100.0;0.0;0.0;6.0;3.0;6.3;6.05;96.9;42.128
231;3065.0;100.0;0.0;0.0;6.0;4.0;18.9;-6.05;13.2;793.909
232;3066.0;100.0;0.0;0.0;3.0;1.0;6.3;6.05;187.3;110.244
233;3066.0;100.0;0.0;0.0;3.0;2.0;6.3;-6.05;134.8;30.859
234;3066.0;100.0;0.0;0.0;3.0;3.0;18.9;6.05;96.9;551.301
235;3067.0;100.0;0.0;0.0;6.0;1.0;6.3;6.05;187.3;112.697
236;3067.0;100.0;0.0;0.0;6.0;2.0;-6.3;18.15;134.8;378.247
237;3067.0;100.0;0.0;0.0;6.0;2.0;-6.3;-6.05;134.8;358.371
238;3067.0;100.0;0.0;0.0;6.0;3.0;-31.5;-6.05;96.9;572.954
239;3067.0;100.0;0.0;0.0;6.0;2.0;6.3;-6.05;134.8;292.607
240;3067.0;100.0;0.0;0.0;6.0;3.0;-6.3;6.05;96.9;422.041
241;3068.0;100.0;0.0;0.0;1.0;1.0;6.3;6.05;187.3;113.025
242;3069.0;100.0;0.0;0.0;4.0;1.0;6.3;6.05;187.3;117.302
243;3069.0;100.0;0.0;0.0;4.0;2.0;6.3;6.05;134.8;306.211
244;3069.0;100.0;0.0;0.0;4.0;3.0;6.3;6.05;96.9;47.167
245;3069.0;100.0;0.0;0.0;4.0;4.0;18.9;30.25;13.2;878.505
246;3070.0;100.0;0.0;0.0;4.0;1.0;6.3;6.05;187.3;109.507
247;3070.0;100.0;0.0;0.0;4.0;2.0;6.3;-6.05;134.8;310.839
248;3070.0;100.0;0.0;0.0;4.0;3.0;6.3;-6.05;96.9;447.337
249;3070.0;100.0;0.0;0.0;4.0;4.0;6.3;-6.05;13.2;746.243
250;3071.0;100.0;0.0;0.0;3.0;1.0;6.3;6.05;187.3;11.169
251;3071.0;100.0;0.0;0.0;3.0;2.0;6.3;6.05;134.8;301.551
252;3071.0;100.0;0.0;0.0;3.0;3.0;6.3;6.05;96.9;441.884
253;3072.0;100.0;0.0;0.0;4.0;1.0;6.3;6.05;187.3;113.298
254;3072.0;100.0;0.0;0.0;4.0;3.0;-6.3;-6.05;96.9;444.652
255;3072.0;100.0;0.0;0.0;4.0;4.0;31.5;18.15;13.2;888.347
256;3072.0;100.0;0.0;0.0;4.0;2.0;6.3;6.05;134.8;293.752
257;3073.0;100.0;0.0;0.0;4.0;1.0;6.3;6.05;187.3;112.448
258;3073.0;100.0;0.0;0.0;4.0;2.0;6.3;-6.05;134.8;302.791
259;3073.0;100.0;0.0;0.0;4.0;3.0;44.1;6.05;96.9;728.672
260;3073.0;100.0;0.0;0.0;4.0;4.0;18.9;-6.05;13.2;789.354
261;3074.0;100.0;0.0;0.0;3.0;1.0;6.3;6.05;187.3;121.817
262;3074.0;100.0;0.0;0.0;3.0;3.0;6.3;-6.05;96.9;452.667
263;3074.0;100.0;0.0;0.0;3.0;4.0;18.9;-6.05;13.2;83.322
264;3075.0;100.0;0.0;0.0;4.0;1.0;6.3;6.05;187.3;108.933
265;3075.0;100.0;0.0;0.0;4.0;2.0;-6.3;6.05;134.8;301.716
266;3075.0;100.0;0.0;0.0;4.0;3.0;6.3;6.05;96.9;438.689
267;3075.0;100.0;0.0;0.0;4.0;4.0;6.3;6.05;13.2;763.768
268;3076.0;100.0;0.0;0.0;2.0;1.0;6.3;6.05;187.3;112.225
269;3076.0;100.0;0.0;0.0;2.0;3.0;6.3;-6.05;96.9;413.544
270;3077.0;100.0;0.0;0.0;4.0;1.0;6.3;6.05;187.3;118.942
271;3077.0;100.0;0.0;0.0;4.0;2.0;-6.3;6.05;134.8;295.482
272;3077.0;100.0;0.0;0.0;4.0;3.0;-6.3;6.05;96.9;444.887
273;3077.0;100.0;0.0;0.0;4.0;4.0;-18.9;6.05;13.2;765.827
274;3078.0;100.0;0.0;0.0;4.0;1.0;6.3;6.05;187.3;11.443
275;3078.0;100.0;0.0;0.0;4.0;2.0;-6.3;-6.05;134.8;288.559
276;3078.0;100.0;0.0;0.0;4.0;3.0;-6.3;-6.05;96.9;419.208
277;3078.0;100.0;0.0;0.0;4.0;4.0;6.3;-6.05;13.2;753.729
278;3079.0;100.0;0.0;0.0;4.0;1.0;6.3;6.05;187.3;106.378
279;3079.0;100.0;0.0;0.0;4.0;2.0;6.3;6.05;134.8;30.875
280;3079.0;100.0;0.0;0.0;4.0;3.0;6.3;6.05;96.9;468.632
281;3079.0;100.0;0.0;0.0;4.0;4.0;18.9;6.05;13.2;821.228
282;3080.0;100.0;0.0;0.0;2.0;1.0;6.3;6.05;187.3;115.229
283;3080.0;100.0;0.0;0.0;2.0;4.0;18.9;6.05;13.2;782.574
284;3081.0;100.0;0.0;0.0;3.0;1.0;6.3;6.05;187.3;10.477
285;3081.0;100.0;0.0;0.0;3.0;3.0;-6.3;-6.05;96.9;42.059
286;3081.0;100.0;0.0;0.0;3.0;4.0;-6.3;6.05;13.2;705.701
287;3082.0;100.0;0.0;0.0;2.0;1.0;6.3;6.05;187.3;116.602
288;3082.0;100.0;0.0;0.0;2.0;3.0;6.3;6.05;96.9;454.483
289;3083.0;100.0;0.0;0.0;1.0;1.0;6.3;6.05;187.3;121.253
290;3084.0;100.0;0.0;0.0;3.0;1.0;6.3;6.05;187.3;112.814
291;3084.0;100.0;0.0;0.0;3.0;3.0;-6.3;6.05;96.9;424.219
292;3084.0;100.0;0.0;0.0;3.0;4.0;-6.3;6.05;13.2;739.553
293;3085.0;100.0;0.0;0.0;4.0;1.0;6.3;6.05;187.3;106.898
294;3085.0;100.0;0.0;0.0;4.0;2.0;-6.3;6.05;134.8;299.089
295;3085.0;100.0;0.0;0.0;4.0;3.0;-6.3;6.05;96.9;442.921
296;3085.0;100.0;0.0;0.0;4.0;4.0;-6.3;18.15;13.2;784.511
297;3086.0;100.0;0.0;0.0;5.0;1.0;6.3;6.05;187.3;114.235
298;3086.0;100.0;0.0;0.0;5.0;3.0;-44.1;-6.05;96.9;696.093
299;3086.0;100.0;0.0;0.0;5.0;3.0;-6.3;6.05;96.9;429.732
300;3086.0;100.0;0.0;0.0;5.0;4.0;-6.3;18.15;13.2;8.033
301;3086.0;100.0;0.0;0.0;5.0;4.0;6.3;18.15;13.2;786.553
302;3087.0;100.0;0.0;0.0;3.0;1.0;6.3;6.05;187.3;108.189
303;3087.0;100.0;0.0;0.0;3.0;3.0;-6.3;6.05;96.9;428.417
304;3087.0;100.0;0.0;0.0;3.0;4.0;-6.3;6.05;13.2;750.205
305;3088.0;100.0;0.0;0.0;2.0;1.0;6.3;6.05;187.3;115.734
306;3088.0;100.0;0.0;0.0;2.0;4.0;-6.3;-6.05;13.2;697.041
307;3089.0;100.0;0.0;0.0;4.0;1.0;6.3;6.05;187.3;117.521
308;3089.0;100.0;0.0;0.0;4.0;2.0;-6.3;6.05;134.8;304.217
309;3089.0;100.0;0.0;0.0;4.0;3.0;-6.3;6.05;96.9;444.667
310;3089.0;100.0;0.0;0.0;4.0;4.0;-6.3;6.05;13.2;726.637
311;3090.0;100.0;0.0;0.0;5.0;1.0;6.3;6.05;187.3;116.117
312;3090.0;100.0;0.0;0.0;5.0;2.0;6.3;6.05;134.8;313.179
313;3090.0;100.0;0.0;0.0;5.0;3.0;18.9;-6.05;96.9;482.354
314;3090.0;100.0;0.0;0.0;5.0;4.0;31.5;-6.05;13.2;877.916
315;3090.0;100.0;0.0;0.0;5.0;4.0;6.3;6.05;13.2;756.809
316;3091.0;100.0;0.0;0.0;3.0;1.0;6.3;6.05;187.3;111.913
317;3091.0;100.0;0.0;0.0;3.0;3.0;-6.3;-6.05;96.9;41.996
318;3091.0;100.0;0.0;0.0;3.0;4.0;-6.3;-6.05;13.2;751.798
319;3092.0;100.0;0.0;0.0;4.0;1.0;6.3;6.05;187.3;112.355
320;3092.0;100.0;0.0;0.0;4.0;2.0;6.3;6.05;134.8;296.715
321;3092.0;100.0;0.0;0.0;4.0;4.0;18.9;-6.05;13.2;801.731
322;3092.0;100.0;0.0;0.0;4.0;4.0;18.9;6.05;13.2;797.045
323;3093.0;100.0;0.0;0.0;4.0;1.0;6.3;6.05;187.3;113.018
324;3093.0;100.0;0.0;0.0;4.0;2.0;6.3;-6.05;134.8;302.569
325;3093.0;100.0;0.0;0.0;4.0;3.0;6.3;-6.05;96.9;445.994
326;3093.0;100.0;0.0;0.0;4.0;4.0;6.3;-6.05;13.2;732.635
327;3094.0;100.0;0.0;0.0;4.0;1.0;6.3;6.05;187.3;113.771
328;3094.0;100.0;0.0;0.0;4.0;2.0;6.3;6.05;134.8;289.216
329;3094.0;100.0;0.0;0.0;4.0;3.0;-6.3;6.05;96.9;429.085
330;3094.0;100.0;0.0;0.0;4.0;4.0;-18.9;6.05;13.2;761.104
331;3095.0;100.0;0.0;0.0;2.0;1.0;6.3;6.05;187.3;11.453
332;3095.0;100.0;0.0;0.0;2.0;3.0;-6.3;6.05;96.9;44.691
333;3096.0;100.0;0.0;0.0;4.0;1.0;6.3;6.05;187.3;105.386
334;3096.0;100.0;0.0;0.0;4.0;2.0;-6.3;-6.05;134.8;292.137
335;3096.0;100.0;0.0;0.0;4.0;3.0;-6.3;-6.05;96.9;446.256
336;3096.0;100.0;0.0;0.0;4.0;4.0;-18.9;-6.05;13.2;759.391
337;3097.0;100.0;0.0;0.0;4.0;1.0;6.3;6.05;187.3;121.929
338;3097.0;100.0;0.0;0.0;4.0;2.0;6.3;6.05;134.8;285.243
339;3097.0;100.0;0.0;0.0;4.0;3.0;-6.3;6.05;96.9;418.955
340;3097.0;100.0;0.0;0.0;4.0;4.0;6.3;6.05;13.2;717.851
341;3098.0;100.0;0.0;0.0;4.0;1.0;6.3;6.05;187.3;113.214
342;3098.0;100.0;0.0;0.0;4.0;2.0;6.3;6.05;134.8;305.308
343;3098.0;100.0;0.0;0.0;4.0;3.0;6.3;6.05;96.9;456.667
344;3098.0;100.0;0.0;0.0;4.0;4.0;6.3;18.15;13.2;771.779
345;3099.0;100.0;0.0;0.0;4.0;1.0;6.3;6.05;187.3;112.957
346;3099.0;100.0;0.0;0.0;4.0;2.0;-6.3;-6.05;134.8;292.118
347;3099.0;100.0;0.0;0.0;4.0;3.0;-6.3;-6.05;96.9;417.832
348;3099.0;100.0;0.0;0.0;4.0;4.0;-6.3;-18.15;13.2;783.458
349;3100.0;100.0;0.0;0.0;3.0;1.0;6.3;6.05;187.3;112.116
350;3100.0;100.0;0.0;0.0;3.0;2.0;6.3;-6.05;134.8;296.371
351;3100.0;100.0;0.0;0.0;3.0;3.0;6.3;-6.05;96.9;434.625
449;4001.0;133.0;0.0;0.0;4.0;1.0;6.3;6.05;187.3;117.108
450;4001.0;133.0;0.0;0.0;4.0;2.0;6.3;-6.05;134.8;291.438
451;4001.0;133.0;0.0;0.0;4.0;3.0;6.3;-6.05;96.9;431.865
452;4001.0;133.0;0.0;0.0;4.0;4.0;-6.3;-18.15;13.2;778.629
453;4002.0;133.0;0.0;0.0;4.0;1.0;6.3;6.05;187.3;115.393
454;4002.0;133.0;0.0;0.0;4.0;2.0;6.3;6.05;134.8;307.452
455;4002.0;133.0;0.0;0.0;4.0;3.0;6.3;6.05;96.9;466.888
456;4002.0;133.0;0.0;0.0;4.0;4.0;18.9;18.15;13.2;846.909
457;4003.0;133.0;0.0;0.0;4.0;1.0;6.3;6.05;187.3;115.211
458;4003.0;133.0;0.0;0.0;4.0;2.0;6.3;6.05;134.8;308.279
459;4003.0;133.0;0.0;0.0;4.0;3.0;6.3;6.05;96.9;43.218
460;4003.0;133.0;0.0;0.0;4.0;4.0;6.3;6.05;13.2;715.662
461;4004.0;133.0;0.0;0.0;3.0;1.0;6.3;6.05;187.3;114.445
462;4004.0;133.0;0.0;0.0;3.0;3.0;6.3;6.05;96.9;450.663
463;4004.0;133.0;0.0;0.0;3.0;3.0;6.3;-6.05;96.9;456.509
464;4005.0;133.0;0.0;0.0;3.0;1.0;6.3;6.05;187.3;108.793
465;4005.0;133.0;0.0;0.0;3.0;3.0;-6.3;-6.05;96.9;442.586
466;4005.0;133.0;0.0;0.0;3.0;4.0;-18.9;-18.15;13.2;827.845
467;4006.0;133.0;0.0;0.0;4.0;1.0;6.3;6.05;187.3;113.429
468;4006.0;133.0;0.0;0.0;4.0;2.0;6.3;6.05;134.8;298.435
469;4006.0;133.0;0.0;0.0;4.0;3.0;6.3;6.05;96.9;437.279
470;4006.0;133.0;0.0;0.0;4.0;4.0;6.3;18.15;13.2;818.474
471;4007.0;133.0;0.0;0.0;3.0;1.0;6.3;6.05;187.3;111.318
472;4007.0;133.0;0.0;0.0;3.0;3.0;-6.3;6.05;96.9;41.825
473;4007.0;133.0;0.0;0.0;3.0;4.0;-6.3;18.15;13.2;779.938
474;4008.0;133.0;0.0;0.0;3.0;1.0;6.3;6.05;187.3;112.316
475;4008.0;133.0;0.0;0.0;3.0;3.0;-6.3;6.05;96.9;421.199
476;4008.0;133.0;0.0;0.0;3.0;4.0;-6.3;6.05;13.2;752.349
477;4009.0;133.0;0.0;0.0;5.0;1.0;6.3;6.05;187.3;110.053
478;4009.0;133.0;0.0;0.0;5.0;2.0;-6.3;-6.05;134.8;303.412
479;4009.0;133.0;0.0;0.0;5.0;3.0;-6.3;-6.05;96.9;452.568
480;4009.0;133.0;0.0;0.0;5.0;4.0;6.3;-18.15;13.2;781.133
481;4009.0;133.0;0.0;0.0;5.0;4.0;6.3;-6.05;13.2;765.619
482;4010.0;133.0;0.0;0.0;4.0;1.0;6.3;6.05;187.3;114.355
483;4010.0;133.0;0.0;0.0;4.0;2.0;6.3;-6.05;134.8;291.553
484;4010.0;133.0;0.0;0.0;4.0;3.0;-6.3;-6.05;96.9;433.201
485;4010.0;133.0;0.0;0.0;4.0;4.0;-6.3;-6.05;13.2;747.287
486;4011.0;133.0;0.0;0.0;5.0;1.0;6.3;6.05;187.3;112.282
487;4011.0;133.0;0.0;0.0;5.0;2.0;-6.3;-6.05;134.8;280.078
488;4011.0;133.0;0.0;0.0;5.0;3.0;-6.3;-6.05;96.9;449.208
489;4011.0;133.0;0.0;0.0;5.0;4.0;-18.9;-6.05;13.2;764.157
490;4011.0;133.0;0.0;0.0;5.0;4.0;-6.3;-6.05;13.2;733.518
491;4012.0;133.0;0.0;0.0;4.0;1.0;6.3;6.05;187.3;119.544
492;4012.0;133.0;0.0;0.0;4.0;2.0;6.3;-6.05;134.8;305.717
493;4012.0;133.0;0.0;0.0;4.0;3.0;6.3;-6.05;96.9;453.703
494;4012.0;133.0;0.0;0.0;4.0;4.0;18.9;-18.15;13.2;796.691
495;4013.0;133.0;0.0;0.0;3.0;1.0;6.3;6.05;187.3;113.648
496;4013.0;133.0;0.0;0.0;3.0;3.0;-6.3;-6.05;96.9;440.142
497;4013.0;133.0;0.0;0.0;3.0;4.0;18.9;30.25;13.2;895.521
498;4014.0;133.0;0.0;0.0;4.0;1.0;6.3;6.05;187.3;113.691
499;4014.0;133.0;0.0;0.0;4.0;2.0;-6.3;6.05;134.8;282.629
500;4014.0;133.0;0.0;0.0;4.0;3.0;-6.3;6.05;96.9;428.413
501;4014.0;133.0;0.0;0.0;4.0;4.0;-6.3;6.05;13.2;736.163
502;4015.0;133.0;0.0;0.0;3.0;1.0;6.3;6.05;187.3;107.909
503;4015.0;133.0;0.0;0.0;3.0;2.0;-6.3;6.05;134.8;297.426
504;4015.0;133.0;0.0;0.0;3.0;3.0;-6.3;6.05;96.9;438.708
505;4016.0;133.0;0.0;0.0;1.0;1.0;6.3;6.05;187.3;117.185
506;4017.0;133.0;0.0;0.0;4.0;1.0;6.3;6.05;187.3;109.708
507;4017.0;133.0;0.0;0.0;4.0;2.0;6.3;6.05;134.8;312.523
508;4017.0;133.0;0.0;0.0;4.0;3.0;6.3;-6.05;96.9;438.547
509;4017.0;133.0;0.0;0.0;4.0;4.0;-6.3;-6.05;13.2;74.494
510;4018.0;133.0;0.0;0.0;2.0;1.0;6.3;6.05;187.3;111.687
511;4018.0;133.0;0.0;0.0;2.0;4.0;-18.9;6.05;13.2;771.869
512;4019.0;133.0;0.0;0.0;3.0;1.0;6.3;6.05;187.3;113.925
513;4019.0;133.0;0.0;0.0;3.0;2.0;6.3;6.05;134.8;301.168
514;4019.0;133.0;0.0;0.0;3.0;3.0;6.3;6.05;96.9;444.331
515;4020.0;133.0;0.0;0.0;4.0;1.0;6.3;6.05;187.3;112.777
516;4020.0;133.0;0.0;0.0;4.0;2.0;6.3;-6.05;134.8;288.414
517;4020.0;133.0;0.0;0.0;4.0;3.0;6.3;6.05;96.9;430.252
518;4020.0;133.0;0.0;0.0;4.0;4.0;6.3;6.05;13.2;743.417
519;4021.0;133.0;0.0;0.0;3.0;1.0;6.3;6.05;187.3;106.844
520;4021.0;133.0;0.0;0.0;3.0;2.0;6.3;6.05;134.8;292.502
521;4021.0;133.0;0.0;0.0;3.0;4.0;6.3;-6.05;13.2;701.777
522;4022.0;133.0;0.0;0.0;4.0;1.0;6.3;6.05;187.3;111.535
523;4022.0;133.0;0.0;0.0;4.0;2.0;6.3;6.05;134.8;300.185
524;4022.0;133.0;0.0;0.0;4.0;3.0;6.3;6.05;96.9;434.425
525;4022.0;133.0;0.0;0.0;4.0;4.0;6.3;6.05;13.2;697.895
526;4023.0;133.0;0.0;0.0;3.0;1.0;6.3;6.05;187.3;112.079
527;4023.0;133.0;0.0;0.0;3.0;2.0;6.3;6.05;134.8;292.973
528;4023.0;133.0;0.0;0.0;3.0;4.0;-6.3;6.05;13.2;756.704
529;4024.0;133.0;0.0;0.0;3.0;1.0;6.3;6.05;187.3;107.338
530;4024.0;133.0;0.0;0.0;3.0;2.0;-6.3;-6.05;134.8;303.644
531;4024.0;133.0;0.0;0.0;3.0;3.0;-18.9;6.05;96.9;490.319
532;4025.0;133.0;0.0;0.0;3.0;1.0;6.3;6.05;187.3;109.885
533;4025.0;133.0;0.0;0.0;3.0;3.0;-6.3;6.05;96.9;421.555
534;4025.0;133.0;0.0;0.0;3.0;4.0;-6.3;6.05;13.2;724.474
535;4026.0;133.0;0.0;0.0;3.0;1.0;6.3;6.05;187.3;108.459
536;4026.0;133.0;0.0;0.0;3.0;2.0;6.3;6.05;134.8;30.093
537;4026.0;133.0;0.0;0.0;3.0;3.0;6.3;6.05;96.9;429.374
538;4027.0;133.0;0.0;0.0;4.0;1.0;6.3;6.05;187.3;107.891
539;4027.0;133.0;0.0;0.0;4.0;2.0;-6.3;-6.05;134.8;304.817
540;4027.0;133.0;0.0;0.0;4.0;3.0;-6.3;-6.05;96.9;450.182
541;4027.0;133.0;0.0;0.0;4.0;4.0;-18.9;-6.05;13.2;768.877
542;4028.0;133.0;0.0;0.0;6.0;1.0;6.3;6.05;187.3;115.256
543;4028.0;133.0;0.0;0.0;6.0;3.0;6.3;6.05;96.9;426.193
544;4028.0;133.0;0.0;0.0;6.0;4.0;18.9;-18.15;13.2;830.933
545;4028.0;133.0;0.0;0.0;6.0;3.0;6.3;-6.05;96.9;41.409
546;4028.0;133.0;0.0;0.0;6.0;4.0;6.3;6.05;13.2;712.024
547;4028.0;133.0;0.0;0.0;6.0;4.0;-6.3;-6.05;13.2;70.807
548;4029.0;133.0;0.0;0.0;4.0;1.0;6.3;6.05;187.3;106.115
549;4029.0;133.0;0.0;0.0;4.0;2.0;-6.3;-6.05;134.8;307.266
550;4029.0;133.0;0.0;0.0;4.0;3.0;-6.3;-6.05;96.9;457.358
551;4029.0;133.0;0.0;0.0;4.0;4.0;-18.9;-18.15;13.2;813.307
552;4030.0;133.0;0.0;0.0;4.0;1.0;6.3;6.05;187.3;10.818
553;4030.0;133.0;0.0;0.0;4.0;2.0;6.3;6.05;134.8;292.997
554;4030.0;133.0;0.0;0.0;4.0;3.0;6.3;6.05;96.9;420.207
555;4030.0;133.0;0.0;0.0;4.0;4.0;-6.3;6.05;13.2;754.364
556;4031.0;133.0;0.0;0.0;4.0;1.0;6.3;6.05;187.3;114.644
557;4031.0;133.0;0.0;0.0;4.0;2.0;-6.3;6.05;134.8;291.744
558;4031.0;133.0;0.0;0.0;4.0;3.0;-6.3;6.05;96.9;425.025
559;4031.0;133.0;0.0;0.0;4.0;4.0;-6.3;6.05;13.2;745.859
560;4032.0;133.0;0.0;0.0;4.0;1.0;6.3;6.05;187.3;109.604
561;4032.0;133.0;0.0;0.0;4.0;2.0;-6.3;6.05;134.8;292.888
562;4032.0;133.0;0.0;0.0;4.0;3.0;-6.3;6.05;96.9;449.359
563;4032.0;133.0;0.0;0.0;4.0;4.0;-6.3;6.05;13.2;752.736
564;4033.0;133.0;0.0;0.0;4.0;1.0;6.3;6.05;187.3;10.616
565;4033.0;133.0;0.0;0.0;4.0;2.0;6.3;6.05;134.8;314.948
566;4033.0;133.0;0.0;0.0;4.0;3.0;6.3;6.05;96.9;440.741
567;4033.0;133.0;0.0;0.0;4.0;4.0;6.3;6.05;13.2;749.778
568;4034.0;133.0;0.0;0.0;5.0;1.0;6.3;6.05;187.3;114.632
569;4034.0;133.0;0.0;0.0;5.0;2.0;-6.3;6.05;134.8;296.771
570;4034.0;133.0;0.0;0.0;5.0;3.0;-6.3;6.05;96.9;43.054
571;4034.0;133.0;0.0;0.0;5.0;4.0;-31.5;6.05;13.2;851.188
572;4034.0;133.0;0.0;0.0;5.0;4.0;-18.9;6.05;13.2;798.846
573;4035.0;133.0;0.0;0.0;4.0;1.0;6.3;6.05;187.3;122.598
574;4035.0;133.0;0.0;0.0;4.0;2.0;6.3;6.05;134.8;298.321
575;4035.0;133.0;0.0;0.0;4.0;3.0;6.3;6.05;96.9;424.976
576;4035.0;133.0;0.0;0.0;4.0;4.0;-6.3;18.15;13.2;792.408
577;4036.0;133.0;0.0;0.0;3.0;1.0;6.3;6.05;187.3;108.961
578;4036.0;133.0;0.0;0.0;3.0;3.0;6.3;-6.05;96.9;424.529
579;4036.0;133.0;0.0;0.0;3.0;4.0;6.3;-6.05;13.2;734.736
580;4037.0;133.0;0.0;0.0;4.0;1.0;6.3;6.05;187.3;116.994
581;4037.0;133.0;0.0;0.0;4.0;2.0;6.3;6.05;134.8;291.951
582;4037.0;133.0;0.0;0.0;4.0;3.0;-6.3;6.05;96.9;437.841
583;4037.0;133.0;0.0;0.0;4.0;4.0;-18.9;18.15;13.2;800.708
584;4038.0;133.0;0.0;0.0;4.0;1.0;6.3;6.05;187.3;118.627
585;4038.0;133.0;0.0;0.0;4.0;2.0;-6.3;6.05;134.8;293.997
586;4038.0;133.0;0.0;0.0;4.0;3.0;-6.3;6.05;96.9;448.756
587;4038.0;133.0;0.0;0.0;4.0;4.0;-18.9;6.05;13.2;793.482
588;4039.0;133.0;0.0;0.0;4.0;1.0;6.3;6.05;187.3;102.296
589;4039.0;133.0;0.0;0.0;4.0;2.0;6.3;6.05;134.8;292.316
590;4039.0;133.0;0.0;0.0;4.0;3.0;6.3;6.05;96.9;442.367
591;4039.0;133.0;0.0;0.0;4.0;3.0;-6.3;6.05;96.9;447.833
592;4040.0;133.0;0.0;0.0;3.0;1.0;6.3;6.05;187.3;114.732
593;4040.0;133.0;0.0;0.0;3.0;2.0;6.3;6.05;134.8;292.786
594;4040.0;133.0;0.0;0.0;3.0;4.0;-6.3;6.05;13.2;73.609
595;4041.0;133.0;0.0;0.0;4.0;1.0;6.3;6.05;187.3;110.093
596;4041.0;133.0;0.0;0.0;4.0;2.0;6.3;-6.05;134.8;288.324
597;4041.0;133.0;0.0;0.0;4.0;3.0;6.3;6.05;96.9;431.843
598;4041.0;133.0;0.0;0.0;4.0;4.0;-6.3;18.15;13.2;808.227
599;4042.0;133.0;0.0;0.0;6.0;1.0;6.3;6.05;187.3;118.967
600;4042.0;133.0;0.0;0.0;6.0;2.0;6.3;-6.05;134.8;291.017
601;4042.0;133.0;0.0;0.0;6.0;4.0;6.3;-6.05;13.2;727.295
602;4042.0;133.0;0.0;0.0;6.0;3.0;-6.3;6.05;96.9;441.913
603;4042.0;133.0;0.0;0.0;6.0;4.0;-18.9;-6.05;13.2;836.244
604;4042.0;133.0;0.0;0.0;6.0;4.0;-18.9;-18.15;13.2;86.891
605;4043.0;133.0;0.0;0.0;4.0;1.0;6.3;6.05;187.3;114.247
606;4043.0;133.0;0.0;0.0;4.0;2.0;6.3;6.05;134.8;292.679
607;4043.0;133.0;0.0;0.0;4.0;3.0;6.3;6.05;96.9;424.289
608;4043.0;133.0;0.0;0.0;4.0;4.0;-6.3;6.05;13.2;728.953
609;4044.0;133.0;0.0;0.0;4.0;1.0;6.3;6.05;187.3;115.067
610;4044.0;133.0;0.0;0.0;4.0;2.0;6.3;6.05;134.8;285.008
611;4044.0;133.0;0.0;0.0;4.0;3.0;6.3;6.05;96.9;406.166
612;4044.0;133.0;0.0;0.0;4.0;4.0;6.3;6.05;13.2;713.041
613;4045.0;133.0;0.0;0.0;3.0;1.0;6.3;6.05;187.3;111.137
614;4045.0;133.0;0.0;0.0;3.0;3.0;6.3;6.05;96.9;448.441
615;4045.0;133.0;0.0;0.0;3.0;4.0;31.5;6.05;13.2;885.318
616;4046.0;133.0;0.0;0.0;4.0;1.0;6.3;6.05;187.3;107.098
617;4046.0;133.0;0.0;0.0;4.0;2.0;6.3;6.05;134.8;306.355
618;4046.0;133.0;0.0;0.0;4.0;3.0;6.3;6.05;96.9;453.957
619;4046.0;133.0;0.0;0.0;4.0;4.0;18.9;18.15;13.2;820.442
620;4047.0;133.0;0.0;0.0;4.0;1.0;6.3;6.05;187.3;115.924
621;4047.0;133.0;0.0;0.0;4.0;2.0;-6.3;-6.05;134.8;291.476
622;4047.0;133.0;0.0;0.0;4.0;3.0;-6.3;-6.05;96.9;456.242
623;4047.0;133.0;0.0;0.0;4.0;4.0;-18.9;-6.05;13.2;805.074
624;4048.0;133.0;0.0;0.0;5.0;1.0;6.3;6.05;187.3;109.544
625;4048.0;133.0;0.0;0.0;5.0;2.0;6.3;6.05;134.8;308.657
626;4048.0;133.0;0.0;0.0;5.0;3.0;6.3;6.05;96.9;454.022
627;4048.0;133.0;0.0;0.0;5.0;4.0;31.5;6.05;13.2;851.469
628;4048.0;133.0;0.0;0.0;5.0;4.0;6.3;6.05;13.2;724.046
629;4049.0;133.0;0.0;0.0;4.0;1.0;6.3;6.05;187.3;118.345
630;4049.0;133.0;0.0;0.0;4.0;2.0;6.3;6.05;134.8;289.528
631;4049.0;133.0;0.0;0.0;4.0;3.0;6.3;-6.05;96.9;432.594
632;4049.0;133.0;0.0;0.0;4.0;4.0;18.9;-6.05;13.2;798.975
633;4050.0;133.0;0.0;0.0;4.0;1.0;6.3;6.05;187.3;111.037
634;4050.0;133.0;0.0;0.0;4.0;2.0;-6.3;-6.05;134.8;292.285
635;4050.0;133.0;0.0;0.0;4.0;3.0;-6.3;-6.05;96.9;411.647
636;4050.0;133.0;0.0;0.0;4.0;4.0;-6.3;-6.05;13.2;700.721
637;4051.0;133.0;0.0;0.0;4.0;1.0;6.3;6.05;187.3;112.636
638;4051.0;133.0;0.0;0.0;4.0;2.0;6.3;6.05;134.8;292.042
639;4051.0;133.0;0.0;0.0;4.0;3.0;6.3;6.05;96.9;426.328
640;4051.0;133.0;0.0;0.0;4.0;4.0;6.3;6.05;13.2;722.089
641;4052.0;133.0;0.0;0.0;2.0;1.0;6.3;6.05;187.3;111.407
642;4052.0;133.0;0.0;0.0;2.0;3.0;-6.3;-6.05;96.9;425.692
643;4053.0;133.0;0.0;0.0;3.0;1.0;6.3;6.05;187.3;116.411
644;4053.0;133.0;0.0;0.0;3.0;3.0;6.3;6.05;96.9;426.506
645;4053.0;133.0;0.0;0.0;3.0;4.0;6.3;6.05;13.2;700.991
646;4054.0;133.0;0.0;0.0;6.0;1.0;6.3;6.05;187.3;122.621
647;4054.0;133.0;0.0;0.0;6.0;3.0;-6.3;-6.05;96.9;469.466
648;4054.0;133.0;0.0;0.0;6.0;4.0;-18.9;-18.15;13.2;858.936
649;4054.0;133.0;0.0;0.0;6.0;3.0;6.3;-30.25;96.9;595.765
650;4054.0;133.0;0.0;0.0;6.0;3.0;-6.3;6.05;96.9;420.364
651;4054.0;133.0;0.0;0.0;6.0;4.0;-6.3;18.15;13.2;77.905
652;4055.0;133.0;0.0;0.0;3.0;1.0;6.3;6.05;187.3;117.089
653;4055.0;133.0;0.0;0.0;3.0;3.0;6.3;-6.05;96.9;430.878
654;4055.0;133.0;0.0;0.0;3.0;4.0;18.9;-30.25;13.2;872.611
655;4056.0;133.0;0.0;0.0;2.0;1.0;6.3;6.05;187.3;110.626
656;4056.0;133.0;0.0;0.0;2.0;4.0;-6.3;6.05;13.2;710.092
657;4057.0;133.0;0.0;0.0;3.0;1.0;6.3;6.05;187.3;108.875
658;4057.0;133.0;0.0;0.0;3.0;3.0;-6.3;6.05;96.9;428.868
659;4057.0;133.0;0.0;0.0;3.0;4.0;-6.3;-6.05;13.2;740.741
660;4058.0;133.0;0.0;0.0;3.0;1.0;6.3;6.05;187.3;113.108
661;4058.0;133.0;0.0;0.0;3.0;3.0;6.3;6.05;96.9;441.489
662;4058.0;133.0;0.0;0.0;3.0;4.0;6.3;-6.05;13.2;755.869
663;4059.0;133.0;0.0;0.0;5.0;1.0;6.3;6.05;187.3;116.455
664;4059.0;133.0;0.0;0.0;5.0;2.0;6.3;6.05;134.8;292.008
665;4059.0;133.0;0.0;0.0;5.0;3.0;6.3;6.05;96.9;419.735
666;4059.0;133.0;0.0;0.0;5.0;4.0;6.3;6.05;13.2;71.146
667;4059.0;133.0;0.0;0.0;5.0;4.0;18.9;-6.05;13.2;833.394
668;4060.0;133.0;0.0;0.0;2.0;1.0;6.3;6.05;187.3;111.239
669;4060.0;133.0;0.0;0.0;2.0;3.0;-6.3;6.05;96.9;456.699
670;4061.0;133.0;0.0;0.0;3.0;1.0;6.3;6.05;187.3;119.258
671;4061.0;133.0;0.0;0.0;3.0;2.0;6.3;-6.05;134.8;2.92
672;4061.0;133.0;0.0;0.0;3.0;4.0;-6.3;6.05;13.2;717.488
673;4062.0;133.0;0.0;0.0;2.0;1.0;6.3;6.05;187.3;115.362
674;4062.0;133.0;0.0;0.0;2.0;4.0;6.3;-6.05;13.2;712.287
675;4063.0;133.0;0.0;0.0;4.0;1.0;6.3;6.05;187.3;108.322
676;4063.0;133.0;0.0;0.0;4.0;2.0;6.3;6.05;134.8;313.096
677;4063.0;133.0;0.0;0.0;4.0;3.0;6.3;6.05;96.9;4.316
678;4063.0;133.0;0.0;0.0;4.0;4.0;-6.3;-30.25;13.2;860.167
679;4064.0;133.0;0.0;0.0;2.0;1.0;6.3;6.05;187.3;11.425
680;4064.0;133.0;0.0;0.0;2.0;4.0;-6.3;-18.15;13.2;779.963
681;4065.0;133.0;0.0;0.0;5.0;1.0;6.3;6.05;187.3;114.501
682;4065.0;133.0;0.0;0.0;5.0;2.0;-6.3;-6.05;134.8;303.788
683;4065.0;133.0;0.0;0.0;5.0;3.0;-6.3;6.05;96.9;467.987
684;4065.0;133.0;0.0;0.0;5.0;4.0;-18.9;6.05;13.2;782.337
685;4065.0;133.0;0.0;0.0;5.0;4.0;6.3;-30.25;13.2;864.924
686;4066.0;133.0;0.0;0.0;4.0;1.0;6.3;6.05;187.3;119.922
687;4066.0;133.0;0.0;0.0;4.0;2.0;6.3;6.05;134.8;292.219
688;4066.0;133.0;0.0;0.0;4.0;3.0;6.3;6.05;96.9;424.205
689;4066.0;133.0;0.0;0.0;4.0;4.0;6.3;-6.05;13.2;695.321
690;4067.0;133.0;0.0;0.0;4.0;1.0;6.3;6.05;187.3;115.736
691;4067.0;133.0;0.0;0.0;4.0;2.0;-6.3;6.05;134.8;294.663
692;4067.0;133.0;0.0;0.0;4.0;3.0;-6.3;6.05;96.9;427.998
693;4067.0;133.0;0.0;0.0;4.0;4.0;-6.3;6.05;13.2;714.248
694;4068.0;133.0;0.0;0.0;3.0;1.0;6.3;6.05;187.3;11.012
695;4068.0;133.0;0.0;0.0;3.0;2.0;6.3;6.05;134.8;294.795
696;4068.0;133.0;0.0;0.0;3.0;3.0;6.3;6.05;96.9;435.511
697;4069.0;133.0;0.0;0.0;4.0;1.0;6.3;6.05;187.3;108.311
698;4069.0;133.0;0.0;0.0;4.0;2.0;6.3;6.05;134.8;305.742
699;4069.0;133.0;0.0;0.0;4.0;3.0;6.3;6.05;96.9;441.168
700;4069.0;133.0;0.0;0.0;4.0;4.0;6.3;6.05;13.2;732.314
701;4070.0;133.0;0.0;0.0;2.0;1.0;6.3;6.05;187.3;114.625
702;4070.0;133.0;0.0;0.0;2.0;4.0;6.3;6.05;13.2;693.786
703;4071.0;133.0;0.0;0.0;4.0;1.0;6.3;6.05;187.3;113.244
704;4071.0;133.0;0.0;0.0;4.0;2.0;6.3;6.05;134.8;290.523
705;4071.0;133.0;0.0;0.0;4.0;3.0;6.3;6.05;96.9;435.416
706;4071.0;133.0;0.0;0.0;4.0;4.0;-6.3;6.05;13.2;735.418
707;4072.0;133.0;0.0;0.0;4.0;1.0;6.3;6.05;187.3;112.202
708;4072.0;133.0;0.0;0.0;4.0;2.0;6.3;-6.05;134.8;293.443
709;4072.0;133.0;0.0;0.0;4.0;3.0;6.3;-6.05;96.9;429.591
710;4072.0;133.0;0.0;0.0;4.0;2.0;6.3;6.05;134.8;285.608
711;4073.0;133.0;0.0;0.0;3.0;1.0;6.3;6.05;187.3;107.694
712;4073.0;133.0;0.0;0.0;3.0;2.0;6.3;6.05;134.8;29.693
713;4073.0;133.0;0.0;0.0;3.0;4.0;-6.3;-18.15;13.2;796.477
714;4074.0;133.0;0.0;0.0;3.0;1.0;6.3;6.05;187.3;11.084
715;4074.0;133.0;0.0;0.0;3.0;2.0;-6.3;6.05;134.8;288.136
716;4074.0;133.0;0.0;0.0;3.0;4.0;6.3;6.05;13.2;722.052
717;4075.0;133.0;0.0;0.0;4.0;1.0;6.3;6.05;187.3;117.075
718;4075.0;133.0;0.0;0.0;4.0;2.0;6.3;-6.05;134.8;297.649
719;4075.0;133.0;0.0;0.0;4.0;3.0;6.3;-6.05;96.9;428.815
720;4075.0;133.0;0.0;0.0;4.0;4.0;18.9;-6.05;13.2;797.994
721;4076.0;133.0;0.0;0.0;3.0;1.0;6.3;6.05;187.3;116.749
722;4076.0;133.0;0.0;0.0;3.0;3.0;6.3;-6.05;96.9;46.304
723;4076.0;133.0;0.0;0.0;3.0;4.0;31.5;6.05;13.2;897.498
724;4077.0;133.0;0.0;0.0;4.0;1.0;6.3;6.05;187.3;109.825
725;4077.0;133.0;0.0;0.0;4.0;2.0;6.3;6.05;134.8;300.839
726;4077.0;133.0;0.0;0.0;4.0;3.0;6.3;-6.05;96.9;428.677
727;4077.0;133.0;0.0;0.0;4.0;4.0;6.3;-6.05;13.2;729.778
728;4078.0;133.0;0.0;0.0;4.0;1.0;6.3;6.05;187.3;112.412
729;4078.0;133.0;0.0;0.0;4.0;2.0;-6.3;6.05;134.8;291.575
730;4078.0;133.0;0.0;0.0;4.0;3.0;-6.3;6.05;96.9;438.117
731;4078.0;133.0;0.0;0.0;4.0;4.0;-18.9;-6.05;13.2;769.694
732;4079.0;133.0;0.0;0.0;4.0;1.0;6.3;6.05;187.3;114.432
733;4079.0;133.0;0.0;0.0;4.0;2.0;6.3;6.05;134.8;306.526
734;4079.0;133.0;0.0;0.0;4.0;3.0;18.9;6.05;96.9;487.903
735;4079.0;133.0;0.0;0.0;4.0;4.0;18.9;6.05;13.2;825.468
736;4080.0;133.0;0.0;0.0;3.0;1.0;6.3;6.05;187.3;112.805
737;4080.0;133.0;0.0;0.0;3.0;3.0;-6.3;-6.05;96.9;458.002
738;4080.0;133.0;0.0;0.0;3.0;4.0;-6.3;-18.15;13.2;788.391
739;4081.0;133.0;0.0;0.0;3.0;1.0;6.3;6.05;187.3;109.935
740;4081.0;133.0;0.0;0.0;3.0;2.0;6.3;6.05;134.8;298.161
741;4081.0;133.0;0.0;0.0;3.0;3.0;6.3;6.05;96.9;427.667
742;4082.0;133.0;0.0;0.0;3.0;1.0;6.3;6.05;187.3;112.732
743;4082.0;133.0;0.0;0.0;3.0;2.0;-18.9;6.05;134.8;379.972
744;4082.0;133.0;0.0;0.0;3.0;3.0;-31.5;6.05;96.9;589.566
745;4083.0;133.0;0.0;0.0;4.0;1.0;6.3;6.05;187.3;114.202
746;4083.0;133.0;0.0;0.0;4.0;2.0;-6.3;-6.05;134.8;292.797
747;4083.0;133.0;0.0;0.0;4.0;3.0;-6.3;-6.05;96.9;454.632
748;4083.0;133.0;0.0;0.0;4.0;4.0;-18.9;-6.05;13.2;757.213
749;4084.0;133.0;0.0;0.0;4.0;1.0;6.3;6.05;187.3;113.084
750;4084.0;133.0;0.0;0.0;4.0;2.0;6.3;6.05;134.8;29.148
751;4084.0;133.0;0.0;0.0;4.0;3.0;6.3;6.05;96.9;428.755
752;4084.0;133.0;0.0;0.0;4.0;4.0;6.3;6.05;13.2;745.187
753;4085.0;133.0;0.0;0.0;2.0;1.0;6.3;6.05;187.3;115.209
754;4085.0;133.0;0.0;0.0;2.0;4.0;-6.3;6.05;13.2;750.024
755;4086.0;133.0;0.0;0.0;4.0;1.0;6.3;6.05;187.3;112.321
756;4086.0;133.0;0.0;0.0;4.0;2.0;6.3;6.05;134.8;289.108
757;4086.0;133.0;0.0;0.0;4.0;3.0;6.3;6.05;96.9;427.469
758;4086.0;133.0;0.0;0.0;4.0;4.0;-6.3;6.05;13.2;719.794
759;4087.0;133.0;0.0;0.0;4.0;1.0;6.3;6.05;187.3;111.639
760;4087.0;133.0;0.0;0.0;4.0;2.0;6.3;-6.05;134.8;302.825
761;4087.0;133.0;0.0;0.0;4.0;3.0;-6.3;-6.05;96.9;435.682
762;4087.0;133.0;0.0;0.0;4.0;4.0;-18.9;-6.05;13.2;775.143
763;4088.0;133.0;0.0;0.0;3.0;1.0;6.3;6.05;187.3;113.143
764;4088.0;133.0;0.0;0.0;3.0;2.0;-6.3;6.05;134.8;284.851
765;4088.0;133.0;0.0;0.0;3.0;3.0;6.3;-6.05;96.9;450.598
766;4089.0;133.0;0.0;0.0;3.0;1.0;6.3;6.05;187.3;117.443
767;4089.0;133.0;0.0;0.0;3.0;3.0;6.3;18.15;96.9;517.549
768;4089.0;133.0;0.0;0.0;3.0;4.0;6.3;42.35;13.2;940.184
769;4090.0;133.0;0.0;0.0;3.0;1.0;6.3;6.05;187.3;107.792
770;4090.0;133.0;0.0;0.0;3.0;3.0;6.3;-6.05;96.9;433.543
771;4090.0;133.0;0.0;0.0;3.0;4.0;18.9;6.05;13.2;810.745
772;4091.0;133.0;0.0;0.0;3.0;1.0;6.3;6.05;187.3;113.196
773;4091.0;133.0;0.0;0.0;3.0;3.0;6.3;-18.15;96.9;503.121
774;4091.0;133.0;0.0;0.0;3.0;4.0;18.9;-42.35;13.2;966.963
775;4092.0;133.0;0.0;0.0;5.0;1.0;6.3;6.05;187.3;110.224
776;4092.0;133.0;0.0;0.0;5.0;2.0;6.3;6.05;134.8;304.278
777;4092.0;133.0;0.0;0.0;5.0;3.0;6.3;6.05;96.9;448.057
778;4092.0;133.0;0.0;0.0;5.0;4.0;6.3;18.15;13.2;779.994
779;4092.0;133.0;0.0;0.0;5.0;3.0;-6.3;18.15;96.9;51.676
780;4093.0;133.0;0.0;0.0;3.0;1.0;6.3;6.05;187.3;114.236
781;4093.0;133.0;0.0;0.0;3.0;3.0;6.3;-6.05;96.9;451.137
782;4093.0;133.0;0.0;0.0;3.0;4.0;18.9;-18.15;13.2;825.546
783;4094.0;133.0;0.0;0.0;3.0;1.0;6.3;6.05;187.3;11.473
784;4094.0;133.0;0.0;0.0;3.0;2.0;6.3;6.05;134.8;302.059
785;4094.0;133.0;0.0;0.0;3.0;3.0;6.3;6.05;96.9;438.476
786;4095.0;133.0;0.0;0.0;4.0;1.0;6.3;6.05;187.3;115.918
787;4095.0;133.0;0.0;0.0;4.0;2.0;-6.3;6.05;134.8;29.039
788;4095.0;133.0;0.0;0.0;4.0;3.0;-6.3;6.05;96.9;419.854
789;4095.0;133.0;0.0;0.0;4.0;4.0;-6.3;6.05;13.2;740.107
790;4096.0;133.0;0.0;0.0;4.0;1.0;6.3;6.05;187.3;111.053
791;4096.0;133.0;0.0;0.0;4.0;2.0;6.3;6.05;134.8;302.089
792;4096.0;133.0;0.0;0.0;4.0;3.0;-6.3;6.05;96.9;44.121
793;4096.0;133.0;0.0;0.0;4.0;4.0;6.3;6.05;13.2;760.381
794;4097.0;133.0;0.0;0.0;3.0;1.0;6.3;6.05;187.3;113.972
795;4097.0;133.0;0.0;0.0;3.0;2.0;-6.3;-6.05;134.8;327.544
796;4097.0;133.0;0.0;0.0;3.0;3.0;-18.9;-6.05;96.9;496.519
797;4098.0;133.0;0.0;0.0;5.0;1.0;6.3;6.05;187.3;0.991923
798;4098.0;133.0;0.0;0.0;5.0;2.0;-6.3;6.05;134.8;296.834
799;4098.0;133.0;0.0;0.0;5.0;3.0;-6.3;6.05;96.9;427.889
800;4098.0;133.0;0.0;0.0;5.0;4.0;-6.3;6.05;13.2;731.548
801;4098.0;133.0;0.0;0.0;5.0;2.0;-6.3;-18.15;134.8;368.804
802;4099.0;133.0;0.0;0.0;4.0;1.0;6.3;6.05;187.3;114.946
803;4099.0;133.0;0.0;0.0;4.0;2.0;6.3;6.05;134.8;30.243
804;4099.0;133.0;0.0;0.0;4.0;3.0;6.3;6.05;96.9;454.804
805;4099.0;133.0;0.0;0.0;4.0;4.0;6.3;6.05;13.2;75.129
806;4100.0;133.0;0.0;0.0;4.0;1.0;6.3;6.05;187.3;108.067
807;4100.0;133.0;0.0;0.0;4.0;2.0;-6.3;-6.05;134.8;304.794
808;4100.0;133.0;0.0;0.0;4.0;3.0;-6.3;-6.05;96.9;439.277
809;4100.0;133.0;0.0;0.0;4.0;4.0;-6.3;-6.05;13.2;737.725
810;5001.0;178.0;0.0;0.0;3.0;1.0;6.3;6.05;187.3;11.942
811;5001.0;178.0;0.0;0.0;3.0;2.0;6.3;6.05;134.8;283.014
812;5001.0;178.0;0.0;0.0;3.0;4.0;-6.3;6.05;13.2;695.892
813;5002.0;178.0;0.0;0.0;4.0;1.0;6.3;6.05;187.3;10.677
814;5002.0;178.0;0.0;0.0;4.0;2.0;6.3;6.05;134.8;289.134
815;5002.0;178.0;0.0;0.0;4.0;3.0;6.3;6.05;96.9;428.646
816;5002.0;178.0;0.0;0.0;4.0;4.0;6.3;-6.05;13.2;728.426
817;5003.0;178.0;0.0;0.0;4.0;1.0;6.3;6.05;187.3;10.783
818;5003.0;178.0;0.0;0.0;4.0;2.0;6.3;6.05;134.8;285.574
819;5003.0;178.0;0.0;0.0;4.0;3.0;6.3;6.05;96.9;42.308
820;5003.0;178.0;0.0;0.0;4.0;4.0;6.3;6.05;13.2;732.323
821;5004.0;178.0;0.0;0.0;3.0;1.0;6.3;6.05;187.3;114.971
822;5004.0;178.0;0.0;0.0;3.0;3.0;-6.3;6.05;96.9;409.885
823;5004.0;178.0;0.0;0.0;3.0;4.0;-6.3;-6.05;13.2;722.264
824;5005.0;178.0;0.0;0.0;2.0;1.0;6.3;6.05;187.3;110.099
825;5005.0;178.0;0.0;0.0;2.0;2.0;-6.3;6.05;134.8;287.913
826;5006.0;178.0;0.0;0.0;6.0;1.0;6.3;6.05;187.3;113.775
827;5006.0;178.0;0.0;0.0;6.0;2.0;6.3;-6.05;134.8;303.987
828;5006.0;178.0;0.0;0.0;6.0;3.0;6.3;-6.05;96.9;466.149
829;5006.0;178.0;0.0;0.0;6.0;4.0;31.5;-6.05;13.2;84.039
830;5006.0;178.0;0.0;0.0;6.0;4.0;-6.3;6.05;13.2;726.563
831;5006.0;178.0;0.0;0.0;6.0;4.0;18.9;-6.05;13.2;791.541
832;5007.0;178.0;0.0;0.0;4.0;1.0;6.3;6.05;187.3;113.692
833;5007.0;178.0;0.0;0.0;4.0;2.0;-6.3;6.05;134.8;284.236
834;5007.0;178.0;0.0;0.0;4.0;3.0;-6.3;6.05;96.9;422.795
835;5007.0;178.0;0.0;0.0;4.0;4.0;6.3;6.05;13.2;737.754
836;5008.0;178.0;0.0;0.0;3.0;1.0;6.3;6.05;187.3;113.665
837;5008.0;178.0;0.0;0.0;3.0;2.0;-6.3;6.05;134.8;288.108
838;5008.0;178.0;0.0;0.0;3.0;3.0;-6.3;6.05;96.9;416.077
839;5009.0;178.0;0.0;0.0;3.0;1.0;6.3;6.05;187.3;114.402
840;5009.0;178.0;0.0;0.0;3.0;2.0;6.3;6.05;134.8;29.368
841;5009.0;178.0;0.0;0.0;3.0;3.0;6.3;6.05;96.9;418.617
842;5010.0;178.0;0.0;0.0;4.0;1.0;6.3;6.05;187.3;114.569
843;5010.0;178.0;0.0;0.0;4.0;2.0;6.3;6.05;134.8;292.634
844;5010.0;178.0;0.0;0.0;4.0;3.0;6.3;6.05;96.9;444.859
845;5010.0;178.0;0.0;0.0;4.0;4.0;6.3;18.15;13.2;765.231
846;5011.0;178.0;0.0;0.0;3.0;1.0;6.3;6.05;187.3;107.863
847;5011.0;178.0;0.0;0.0;3.0;2.0;6.3;6.05;134.8;29.006
848;5011.0;178.0;0.0;0.0;3.0;4.0;6.3;6.05;13.2;696.958
849;5012.0;178.0;0.0;0.0;4.0;1.0;6.3;6.05;187.3;115.316
850;5012.0;178.0;0.0;0.0;4.0;2.0;-6.3;6.05;134.8;28.932
851;5012.0;178.0;0.0;0.0;4.0;3.0;-6.3;6.05;96.9;417.545
852;5012.0;178.0;0.0;0.0;4.0;4.0;-6.3;6.05;13.2;702.705
853;5013.0;178.0;0.0;0.0;3.0;1.0;6.3;6.05;187.3;110.328
854;5013.0;178.0;0.0;0.0;3.0;3.0;-6.3;-6.05;96.9;426.249
855;5013.0;178.0;0.0;0.0;3.0;4.0;31.5;18.15;13.2;871.214
856;5014.0;178.0;0.0;0.0;2.0;1.0;6.3;6.05;187.3;113.883
857;5014.0;178.0;0.0;0.0;2.0;2.0;6.3;6.05;134.8;296.318
858;5015.0;178.0;0.0;0.0;3.0;1.0;6.3;6.05;187.3;113.203
859;5015.0;178.0;0.0;0.0;3.0;3.0;-6.3;6.05;96.9;4.233
860;5015.0;178.0;0.0;0.0;3.0;4.0;-6.3;6.05;13.2;754.054
861;5016.0;178.0;0.0;0.0;3.0;1.0;6.3;6.05;187.3;111.136
862;5016.0;178.0;0.0;0.0;3.0;2.0;6.3;6.05;134.8;295.597
863;5016.0;178.0;0.0;0.0;3.0;4.0;18.9;-6.05;13.2;770.365
864;5017.0;178.0;0.0;0.0;4.0;1.0;6.3;6.05;187.3;109.883
865;5017.0;178.0;0.0;0.0;4.0;4.0;-6.3;6.05;13.2;751.017
866;5017.0;178.0;0.0;0.0;4.0;3.0;6.3;6.05;96.9;409.087
867;5017.0;178.0;0.0;0.0;4.0;4.0;6.3;6.05;13.2;7.51
868;5018.0;178.0;0.0;0.0;4.0;1.0;6.3;6.05;187.3;115.647
869;5018.0;178.0;0.0;0.0;4.0;2.0;6.3;6.05;134.8;288.136
870;5018.0;178.0;0.0;0.0;4.0;3.0;6.3;6.05;96.9;435.732
871;5018.0;178.0;0.0;0.0;4.0;4.0;-6.3;6.05;13.2;723.063
872;5019.0;178.0;0.0;0.0;3.0;1.0;6.3;6.05;187.3;113.811
873;5019.0;178.0;0.0;0.0;3.0;3.0;6.3;6.05;96.9;437.904
874;5019.0;178.0;0.0;0.0;3.0;4.0;6.3;6.05;13.2;731.003
875;5020.0;178.0;0.0;0.0;2.0;1.0;6.3;6.05;187.3;108.012
876;5020.0;178.0;0.0;0.0;2.0;2.0;6.3;-6.05;134.8;307.782
877;5021.0;178.0;0.0;0.0;2.0;1.0;6.3;6.05;187.3;110.894
878;5021.0;178.0;0.0;0.0;2.0;4.0;-6.3;-6.05;13.2;732.236
879;5022.0;178.0;0.0;0.0;4.0;1.0;6.3;6.05;187.3;108.506
880;5022.0;178.0;0.0;0.0;4.0;2.0;6.3;6.05;134.8;310.613
881;5022.0;178.0;0.0;0.0;4.0;3.0;6.3;6.05;96.9;448.915
882;5022.0;178.0;0.0;0.0;4.0;4.0;18.9;6.05;13.2;769.105
883;5023.0;178.0;0.0;0.0;4.0;1.0;6.3;6.05;187.3;112.525
884;5023.0;178.0;0.0;0.0;4.0;2.0;6.3;6.05;134.8;293.245
885;5023.0;178.0;0.0;0.0;4.0;3.0;6.3;6.05;96.9;430.961
886;5023.0;178.0;0.0;0.0;4.0;4.0;18.9;42.35;13.2;9.91
887;5024.0;178.0;0.0;0.0;3.0;1.0;6.3;6.05;187.3;109.633
888;5024.0;178.0;0.0;0.0;3.0;3.0;6.3;-6.05;96.9;421.058
889;5024.0;178.0;0.0;0.0;3.0;4.0;6.3;-6.05;13.2;721.835
890;5025.0;178.0;0.0;0.0;4.0;1.0;6.3;6.05;187.3;113.574
891;5025.0;178.0;0.0;0.0;4.0;2.0;6.3;6.05;134.8;297.906
892;5025.0;178.0;0.0;0.0;4.0;3.0;6.3;6.05;96.9;448.921
893;5025.0;178.0;0.0;0.0;4.0;4.0;6.3;18.15;13.2;776.718
894;5026.0;178.0;0.0;0.0;2.0;1.0;6.3;6.05;187.3;11.278
895;5026.0;178.0;0.0;0.0;2.0;4.0;-6.3;18.15;13.2;783.117
896;5027.0;178.0;0.0;0.0;4.0;1.0;6.3;6.05;187.3;106.904
897;5027.0;178.0;0.0;0.0;4.0;2.0;6.3;6.05;134.8;292.301
898;5027.0;178.0;0.0;0.0;4.0;3.0;6.3;6.05;96.9;428.106
899;5027.0;178.0;0.0;0.0;4.0;4.0;6.3;6.05;13.2;746.553
900;5028.0;178.0;0.0;0.0;2.0;1.0;6.3;6.05;187.3;11.196
901;5028.0;178.0;0.0;0.0;2.0;4.0;6.3;-6.05;13.2;733.119
902;5029.0;178.0;0.0;0.0;4.0;1.0;6.3;6.05;187.3;111.271
903;5029.0;178.0;0.0;0.0;4.0;2.0;6.3;-6.05;134.8;3.002
904;5029.0;178.0;0.0;0.0;4.0;3.0;6.3;-6.05;96.9;436.534
905;5029.0;178.0;0.0;0.0;4.0;4.0;6.3;-18.15;13.2;778.514
906;5030.0;178.0;0.0;0.0;3.0;1.0;6.3;6.05;187.3;110.481
907;5030.0;178.0;0.0;0.0;3.0;3.0;-6.3;6.05;96.9;436.019
908;5030.0;178.0;0.0;0.0;3.0;4.0;-6.3;6.05;13.2;758.789
909;5031.0;178.0;0.0;0.0;3.0;1.0;6.3;6.05;187.3;104.813
910;5031.0;178.0;0.0;0.0;3.0;2.0;6.3;6.05;134.8;294.567
911;5031.0;178.0;0.0;0.0;3.0;3.0;6.3;6.05;96.9;42.443
912;5032.0;178.0;0.0;0.0;4.0;1.0;6.3;6.05;187.3;112.746
913;5032.0;178.0;0.0;0.0;4.0;2.0;6.3;-6.05;134.8;312.241
914;5032.0;178.0;0.0;0.0;4.0;3.0;6.3;-6.05;96.9;492.414
915;5032.0;178.0;0.0;0.0;4.0;4.0;18.9;-30.25;13.2;898.322
916;5033.0;178.0;0.0;0.0;3.0;1.0;6.3;6.05;187.3;107.016
917;5033.0;178.0;0.0;0.0;3.0;3.0;-6.3;-6.05;96.9;42.017
918;5033.0;178.0;0.0;0.0;3.0;4.0;-6.3;-6.05;13.2;708.518
919;5034.0;178.0;0.0;0.0;1.0;1.0;6.3;6.05;187.3;108.106
920;5035.0;178.0;0.0;0.0;4.0;1.0;6.3;6.05;187.3;110.777
921;5035.0;178.0;0.0;0.0;4.0;2.0;6.3;6.05;134.8;293.439
922;5035.0;178.0;0.0;0.0;4.0;3.0;6.3;6.05;96.9;437.128
923;5035.0;178.0;0.0;0.0;4.0;4.0;6.3;6.05;13.2;736.093
924;5036.0;178.0;0.0;0.0;6.0;1.0;6.3;6.05;187.3;106.255
925;5036.0;178.0;0.0;0.0;6.0;2.0;6.3;-6.05;134.8;293.563
926;5036.0;178.0;0.0;0.0;6.0;3.0;6.3;-6.05;96.9;432.213
927;5036.0;178.0;0.0;0.0;6.0;4.0;6.3;-18.15;13.2;794.835
928;5036.0;178.0;0.0;0.0;6.0;3.0;-6.3;-6.05;96.9;425.659
929;5036.0;178.0;0.0;0.0;6.0;4.0;44.1;30.25;13.2;101.298
930;5037.0;178.0;0.0;0.0;3.0;1.0;6.3;6.05;187.3;114.612
931;5037.0;178.0;0.0;0.0;3.0;2.0;6.3;6.05;134.8;294.699
932;5037.0;178.0;0.0;0.0;3.0;3.0;6.3;6.05;96.9;420.509
933;5038.0;178.0;0.0;0.0;3.0;1.0;6.3;6.05;187.3;109.373
934;5038.0;178.0;0.0;0.0;3.0;3.0;-6.3;-6.05;96.9;416.501
935;5038.0;178.0;0.0;0.0;3.0;4.0;-6.3;-6.05;13.2;721.925
936;5039.0;178.0;0.0;0.0;2.0;1.0;6.3;6.05;187.3;113.719
937;5039.0;178.0;0.0;0.0;2.0;4.0;6.3;-6.05;13.2;70.803
938;5040.0;178.0;0.0;0.0;3.0;1.0;6.3;6.05;187.3;113.199
939;5040.0;178.0;0.0;0.0;3.0;3.0;-6.3;18.15;96.9;536.344
940;5040.0;178.0;0.0;0.0;3.0;4.0;-6.3;42.35;13.2;954.238
941;5041.0;178.0;0.0;0.0;4.0;1.0;6.3;6.05;187.3;108.733
942;5041.0;178.0;0.0;0.0;4.0;2.0;6.3;6.05;134.8;302.237
943;5041.0;178.0;0.0;0.0;4.0;3.0;6.3;6.05;96.9;44.021
944;5041.0;178.0;0.0;0.0;4.0;4.0;6.3;6.05;13.2;741.801
945;5042.0;178.0;0.0;0.0;4.0;1.0;6.3;6.05;187.3;106.127
946;5042.0;178.0;0.0;0.0;4.0;2.0;6.3;6.05;134.8;298.981
947;5042.0;178.0;0.0;0.0;4.0;3.0;6.3;6.05;96.9;427.381
948;5042.0;178.0;0.0;0.0;4.0;4.0;6.3;6.05;13.2;692.832
949;5043.0;178.0;0.0;0.0;4.0;1.0;6.3;6.05;187.3;110.963
950;5043.0;178.0;0.0;0.0;4.0;2.0;6.3;6.05;134.8;286.158
951;5043.0;178.0;0.0;0.0;4.0;3.0;6.3;6.05;96.9;439.817
952;5043.0;178.0;0.0;0.0;4.0;4.0;18.9;6.05;13.2;761.873
953;5044.0;178.0;0.0;0.0;4.0;1.0;6.3;6.05;187.3;107.991
954;5044.0;178.0;0.0;0.0;4.0;3.0;-6.3;6.05;96.9;429.588
955;5044.0;178.0;0.0;0.0;4.0;4.0;-6.3;6.05;13.2;738.963
956;5044.0;178.0;0.0;0.0;4.0;2.0;18.9;6.05;134.8;393.679
957;5045.0;178.0;0.0;0.0;3.0;1.0;6.3;6.05;187.3;115.314
958;5045.0;178.0;0.0;0.0;3.0;3.0;6.3;-6.05;96.9;45.943
959;5045.0;178.0;0.0;0.0;3.0;4.0;6.3;-42.35;13.2;934.633
960;5046.0;178.0;0.0;0.0;4.0;1.0;6.3;6.05;187.3;112.547
961;5046.0;178.0;0.0;0.0;4.0;2.0;6.3;-6.05;134.8;295.207
962;5046.0;178.0;0.0;0.0;4.0;3.0;6.3;-6.05;96.9;442.471
963;5046.0;178.0;0.0;0.0;4.0;4.0;6.3;-6.05;13.2;718.359
964;5047.0;178.0;0.0;0.0;2.0;1.0;6.3;6.05;187.3;105.827
965;5047.0;178.0;0.0;0.0;2.0;4.0;-18.9;6.05;13.2;801.595
966;5048.0;178.0;0.0;0.0;3.0;1.0;6.3;6.05;187.3;112.439
967;5048.0;178.0;0.0;0.0;3.0;3.0;-6.3;-6.05;96.9;421.698
968;5048.0;178.0;0.0;0.0;3.0;4.0;-6.3;-18.15;13.2;817.604
969;5049.0;178.0;0.0;0.0;4.0;1.0;6.3;6.05;187.3;108.003
970;5049.0;178.0;0.0;0.0;4.0;2.0;6.3;6.05;134.8;295.243
971;5049.0;178.0;0.0;0.0;4.0;3.0;6.3;6.05;96.9;429.676
972;5049.0;178.0;0.0;0.0;4.0;4.0;6.3;6.05;13.2;727.564
973;5050.0;178.0;0.0;0.0;2.0;1.0;6.3;6.05;187.3;118.187
974;5050.0;178.0;0.0;0.0;2.0;4.0;6.3;6.05;13.2;714.742
975;5051.0;178.0;0.0;0.0;2.0;1.0;6.3;6.05;187.3;114.274
976;5051.0;178.0;0.0;0.0;2.0;4.0;-6.3;-6.05;13.2;734.883
977;5052.0;178.0;0.0;0.0;1.0;1.0;6.3;6.05;187.3;112.124
978;5053.0;178.0;0.0;0.0;4.0;1.0;6.3;6.05;187.3;107.309
979;5053.0;178.0;0.0;0.0;4.0;2.0;6.3;-6.05;134.8;30.776
980;5053.0;178.0;0.0;0.0;4.0;3.0;6.3;-6.05;96.9;455.443
981;5053.0;178.0;0.0;0.0;4.0;4.0;18.9;-18.15;13.2;861.294
982;5054.0;178.0;0.0;0.0;4.0;1.0;6.3;6.05;187.3;114.734
983;5054.0;178.0;0.0;0.0;4.0;2.0;6.3;6.05;134.8;298.077
984;5054.0;178.0;0.0;0.0;4.0;3.0;6.3;6.05;96.9;427.721
985;5054.0;178.0;0.0;0.0;4.0;4.0;6.3;6.05;13.2;735.827
986;5055.0;178.0;0.0;0.0;2.0;1.0;6.3;6.05;187.3;113.172
987;5055.0;178.0;0.0;0.0;2.0;4.0;6.3;6.05;13.2;715.884
988;5056.0;178.0;0.0;0.0;3.0;1.0;6.3;6.05;187.3;114.318
989;5056.0;178.0;0.0;0.0;3.0;3.0;6.3;6.05;96.9;440.156
990;5056.0;178.0;0.0;0.0;3.0;4.0;6.3;30.25;13.2;853.111
991;5057.0;178.0;0.0;0.0;4.0;1.0;6.3;6.05;187.3;114.113
992;5057.0;178.0;0.0;0.0;4.0;2.0;6.3;6.05;134.8;317.955
993;5057.0;178.0;0.0;0.0;4.0;3.0;6.3;6.05;96.9;45.795
994;5057.0;178.0;0.0;0.0;4.0;4.0;6.3;6.05;13.2;777.651
995;5058.0;178.0;0.0;0.0;2.0;1.0;6.3;6.05;187.3;11.176
996;5058.0;178.0;0.0;0.0;2.0;4.0;-18.9;6.05;13.2;795.929
997;5059.0;178.0;0.0;0.0;4.0;1.0;6.3;6.05;187.3;11.426
998;5059.0;178.0;0.0;0.0;4.0;2.0;6.3;6.05;134.8;300.563
999;5059.0;178.0;0.0;0.0;4.0;3.0;6.3;6.05;96.9;436.876
1000;5059.0;178.0;0.0;0.0;4.0;4.0;18.9;6.05;13.2;79.136
1001;5060.0;178.0;0.0;0.0;2.0;1.0;6.3;6.05;187.3;113.067
1002;5060.0;178.0;0.0;0.0;2.0;2.0;6.3;6.05;134.8;290.922
1003;5061.0;178.0;0.0;0.0;5.0;1.0;6.3;6.05;187.3;11.581
1004;5061.0;178.0;0.0;0.0;5.0;3.0;6.3;-6.05;96.9;434.056
1005;5061.0;178.0;0.0;0.0;5.0;4.0;6.3;-18.15;13.2;79.228
1006;5061.0;178.0;0.0;0.0;5.0;4.0;-6.3;-6.05;13.2;709.167
1007;5061.0;178.0;0.0;0.0;5.0;4.0;6.3;-6.05;13.2;727.043
1008;5062.0;178.0;0.0;0.0;5.0;1.0;6.3;6.05;187.3;117.548
1009;5062.0;178.0;0.0;0.0;5.0;2.0;-31.5;-6.05;134.8;484.419
1010;5062.0;178.0;0.0;0.0;5.0;2.0;-6.3;-6.05;134.8;336.443
1011;5062.0;178.0;0.0;0.0;5.0;3.0;6.3;6.05;96.9;435.612
1012;5062.0;178.0;0.0;0.0;5.0;4.0;6.3;6.05;13.2;74.294
1013;5063.0;178.0;0.0;0.0;3.0;1.0;6.3;6.05;187.3;102.613
1014;5063.0;178.0;0.0;0.0;3.0;2.0;6.3;6.05;134.8;295.852
1015;5063.0;178.0;0.0;0.0;3.0;4.0;-6.3;6.05;13.2;750.243
1016;5064.0;178.0;0.0;0.0;5.0;1.0;6.3;6.05;187.3;114.718
1017;5064.0;178.0;0.0;0.0;5.0;2.0;6.3;6.05;134.8;320.862
1018;5064.0;178.0;0.0;0.0;5.0;3.0;18.9;18.15;96.9;533.537
1019;5064.0;178.0;0.0;0.0;5.0;4.0;44.1;42.35;13.2;10.726
1020;5064.0;178.0;0.0;0.0;5.0;4.0;6.3;-6.05;13.2;698.889
1021;5065.0;178.0;0.0;0.0;4.0;1.0;6.3;6.05;187.3;106.602
1022;5065.0;178.0;0.0;0.0;4.0;2.0;6.3;6.05;134.8;302.328
1023;5065.0;178.0;0.0;0.0;4.0;3.0;6.3;6.05;96.9;431.206
1024;5065.0;178.0;0.0;0.0;4.0;4.0;6.3;6.05;13.2;731.664
1025;5066.0;178.0;0.0;0.0;2.0;1.0;6.3;6.05;187.3;109.064
1026;5066.0;178.0;0.0;0.0;2.0;4.0;6.3;6.05;13.2;739.219
1027;5067.0;178.0;0.0;0.0;4.0;1.0;6.3;6.05;187.3;111.017
1028;5067.0;178.0;0.0;0.0;4.0;2.0;6.3;6.05;134.8;303.094
1029;5067.0;178.0;0.0;0.0;4.0;3.0;6.3;6.05;96.9;445.634
1030;5067.0;178.0;0.0;0.0;4.0;4.0;6.3;18.15;13.2;773.561
1031;5068.0;178.0;0.0;0.0;3.0;1.0;6.3;6.05;187.3;10.963
1032;5068.0;178.0;0.0;0.0;3.0;3.0;6.3;6.05;96.9;434.827
1033;5068.0;178.0;0.0;0.0;3.0;4.0;6.3;18.15;13.2;788.381
1034;5069.0;178.0;0.0;0.0;4.0;1.0;6.3;6.05;187.3;106.485
1035;5069.0;178.0;0.0;0.0;4.0;2.0;6.3;6.05;134.8;293.987
1036;5069.0;178.0;0.0;0.0;4.0;3.0;6.3;6.05;96.9;430.894
1037;5069.0;178.0;0.0;0.0;4.0;4.0;6.3;6.05;13.2;74.311
1038;5070.0;178.0;0.0;0.0;3.0;1.0;6.3;6.05;187.3;113.444
1039;5070.0;178.0;0.0;0.0;3.0;2.0;6.3;6.05;134.8;290.578
1040;5070.0;178.0;0.0;0.0;3.0;3.0;6.3;6.05;96.9;42.174
1041;5071.0;178.0;0.0;0.0;4.0;1.0;6.3;6.05;187.3;115.685
1042;5071.0;178.0;0.0;0.0;4.0;2.0;6.3;6.05;134.8;307.101
1043;5071.0;178.0;0.0;0.0;4.0;3.0;6.3;6.05;96.9;43.961
1044;5071.0;178.0;0.0;0.0;4.0;4.0;6.3;6.05;13.2;737.526
1045;5072.0;178.0;0.0;0.0;3.0;1.0;6.3;6.05;187.3;109.526
1046;5072.0;178.0;0.0;0.0;3.0;2.0;6.3;6.05;134.8;302.205
1047;5072.0;178.0;0.0;0.0;3.0;3.0;6.3;6.05;96.9;423.509
1048;5073.0;178.0;0.0;0.0;3.0;1.0;6.3;6.05;187.3;113.837
1049;5073.0;178.0;0.0;0.0;3.0;2.0;6.3;6.05;134.8;305.707
1050;5073.0;178.0;0.0;0.0;3.0;3.0;6.3;6.05;96.9;446.959
1051;5074.0;178.0;0.0;0.0;4.0;1.0;6.3;6.05;187.3;101.264
1052;5074.0;178.0;0.0;0.0;4.0;2.0;6.3;-6.05;134.8;287.622
1053;5074.0;178.0;0.0;0.0;4.0;3.0;6.3;-6.05;96.9;415.701
1054;5074.0;178.0;0.0;0.0;4.0;4.0;-6.3;-6.05;13.2;730.378
1055;5075.0;178.0;0.0;0.0;3.0;1.0;6.3;6.05;187.3;120.945
1056;5075.0;178.0;0.0;0.0;3.0;3.0;-6.3;6.05;96.9;428.981
1057;5075.0;178.0;0.0;0.0;3.0;4.0;-6.3;6.05;13.2;738.196
1058;5076.0;178.0;0.0;0.0;3.0;1.0;6.3;6.05;187.3;109.364
1059;5076.0;178.0;0.0;0.0;3.0;2.0;6.3;6.05;134.8;284.361
1060;5076.0;178.0;0.0;0.0;3.0;3.0;-6.3;6.05;96.9;436.883
1061;5077.0;178.0;0.0;0.0;3.0;1.0;6.3;6.05;187.3;112.748
1062;5077.0;178.0;0.0;0.0;3.0;2.0;6.3;6.05;134.8;28.606
1063;5077.0;178.0;0.0;0.0;3.0;4.0;-6.3;-6.05;13.2;726.612
1064;5078.0;178.0;0.0;0.0;4.0;1.0;6.3;6.05;187.3;117.228
1065;5078.0;178.0;0.0;0.0;4.0;2.0;-6.3;-6.05;134.8;283.166
1066;5078.0;178.0;0.0;0.0;4.0;3.0;-6.3;-6.05;96.9;439.531
1067;5078.0;178.0;0.0;0.0;4.0;4.0;-6.3;-6.05;13.2;756.599
1068;5079.0;178.0;0.0;0.0;3.0;1.0;6.3;6.05;187.3;103.204
1069;5079.0;178.0;0.0;0.0;3.0;4.0;-6.3;6.05;13.2;712.019
1070;5079.0;178.0;0.0;0.0;3.0;4.0;6.3;-6.05;13.2;761.299
1071;5080.0;178.0;0.0;0.0;2.0;1.0;6.3;6.05;187.3;114.828
1072;5080.0;178.0;0.0;0.0;2.0;4.0;-6.3;-6.05;13.2;720.783
1073;5081.0;178.0;0.0;0.0;4.0;1.0;6.3;6.05;187.3;107.801
1074;5081.0;178.0;0.0;0.0;4.0;2.0;-6.3;6.05;134.8;300.183
1075;5081.0;178.0;0.0;0.0;4.0;3.0;-6.3;6.05;96.9;433.506
1076;5081.0;178.0;0.0;0.0;4.0;4.0;-6.3;6.05;13.2;756.906
1077;5082.0;178.0;0.0;0.0;4.0;1.0;6.3;6.05;187.3;106.101
1078;5082.0;178.0;0.0;0.0;4.0;2.0;6.3;6.05;134.8;284.188
1079;5082.0;178.0;0.0;0.0;4.0;3.0;6.3;6.05;96.9;411.529
1080;5082.0;178.0;0.0;0.0;4.0;4.0;-6.3;6.05;13.2;737.801
1081;5083.0;178.0;0.0;0.0;4.0;1.0;6.3;6.05;187.3;112.769
1082;5083.0;178.0;0.0;0.0;4.0;2.0;6.3;-6.05;134.8;29.242
1083;5083.0;178.0;0.0;0.0;4.0;3.0;6.3;-6.05;96.9;432.368
1084;5083.0;178.0;0.0;0.0;4.0;4.0;6.3;-6.05;13.2;727.966
1085;5084.0;178.0;0.0;0.0;2.0;1.0;6.3;6.05;187.3;115.704
1086;5084.0;178.0;0.0;0.0;2.0;4.0;-6.3;30.25;13.2;876.963
1087;5085.0;178.0;0.0;0.0;3.0;1.0;6.3;6.05;187.3;117.853
1088;5085.0;178.0;0.0;0.0;3.0;2.0;6.3;6.05;134.8;285.289
1089;5085.0;178.0;0.0;0.0;3.0;4.0;18.9;-6.05;13.2;758.655
1090;5086.0;178.0;0.0;0.0;4.0;1.0;6.3;6.05;187.3;11.273
1091;5086.0;178.0;0.0;0.0;4.0;2.0;6.3;6.05;134.8;291.051
1092;5086.0;178.0;0.0;0.0;4.0;3.0;6.3;6.05;96.9;423.127
1093;5086.0;178.0;0.0;0.0;4.0;4.0;6.3;-6.05;13.2;747.258
1094;5087.0;178.0;0.0;0.0;3.0;1.0;6.3;6.05;187.3;109.607
1095;5087.0;178.0;0.0;0.0;3.0;2.0;6.3;-6.05;134.8;282.601
1096;5087.0;178.0;0.0;0.0;3.0;3.0;-6.3;-6.05;96.9;421.794
1097;5088.0;178.0;0.0;0.0;4.0;1.0;6.3;6.05;187.3;108.056
1098;5088.0;178.0;0.0;0.0;4.0;2.0;6.3;6.05;134.8;290.195
1099;5088.0;178.0;0.0;0.0;4.0;3.0;6.3;-6.05;96.9;424.634
1100;5088.0;178.0;0.0;0.0;4.0;4.0;6.3;-6.05;13.2;729.891
1101;5089.0;178.0;0.0;0.0;6.0;1.0;6.3;6.05;187.3;10.754
1102;5089.0;178.0;0.0;0.0;6.0;2.0;6.3;-6.05;134.8;291.562
1103;5089.0;178.0;0.0;0.0;6.0;3.0;6.3;-6.05;96.9;423.076
1104;5089.0;178.0;0.0;0.0;6.0;4.0;18.9;-6.05;13.2;791.775
1105;5089.0;178.0;0.0;0.0;6.0;2.0;-6.3;18.15;134.8;419.406
1106;5089.0;178.0;0.0;0.0;6.0;2.0;18.9;-18.15;134.8;418.695
1107;5090.0;178.0;0.0;0.0;4.0;1.0;6.3;6.05;187.3;113.682
1108;5090.0;178.0;0.0;0.0;4.0;2.0;6.3;6.05;134.8;295.226
1109;5090.0;178.0;0.0;0.0;4.0;3.0;6.3;6.05;96.9;434.012
1110;5090.0;178.0;0.0;0.0;4.0;4.0;6.3;6.05;13.2;737.014
1111;5091.0;178.0;0.0;0.0;4.0;1.0;6.3;6.05;187.3;113.657
1112;5091.0;178.0;0.0;0.0;4.0;2.0;6.3;6.05;134.8;291.015
1113;5091.0;178.0;0.0;0.0;4.0;3.0;-6.3;6.05;96.9;431.086
1114;5091.0;178.0;0.0;0.0;4.0;4.0;-6.3;6.05;13.2;69.966
1115;5092.0;178.0;0.0;0.0;4.0;1.0;6.3;6.05;187.3;111.013
1116;5092.0;178.0;0.0;0.0;4.0;2.0;6.3;6.05;134.8;287.815
1117;5092.0;178.0;0.0;0.0;4.0;3.0;-6.3;6.05;96.9;434.823
1118;5092.0;178.0;0.0;0.0;4.0;4.0;6.3;6.05;13.2;709.251
1119;5093.0;178.0;0.0;0.0;2.0;1.0;6.3;6.05;187.3;112.996
1120;5093.0;178.0;0.0;0.0;2.0;4.0;6.3;-6.05;13.2;739.164
1121;5094.0;178.0;0.0;0.0;3.0;1.0;6.3;6.05;187.3;110.578
1122;5094.0;178.0;0.0;0.0;3.0;2.0;-6.3;6.05;134.8;291.872
1123;5094.0;178.0;0.0;0.0;3.0;3.0;-6.3;6.05;96.9;425.596
1124;5095.0;178.0;0.0;0.0;3.0;1.0;6.3;6.05;187.3;107.872
1125;5095.0;178.0;0.0;0.0;3.0;2.0;6.3;6.05;134.8;28.326
1126;5095.0;178.0;0.0;0.0;3.0;3.0;6.3;6.05;96.9;419.564
1127;5096.0;178.0;0.0;0.0;2.0;1.0;6.3;6.05;187.3;113.289
1128;5096.0;178.0;0.0;0.0;2.0;4.0;-6.3;-6.05;13.2;729.527
1129;5097.0;178.0;0.0;0.0;9.0;1.0;6.3;6.05;187.3;110.231
1130;5097.0;178.0;0.0;0.0;9.0;2.0;6.3;-6.05;134.8;309.049
1131;5097.0;178.0;0.0;0.0;9.0;3.0;6.3;-6.05;96.9;422.786
1132;5097.0;178.0;0.0;0.0;9.0;4.0;-31.5;-6.05;13.2;861.922
1133;5097.0;178.0;0.0;0.0;9.0;2.0;6.3;6.05;134.8;293.518
1134;5097.0;178.0;0.0;0.0;9.0;3.0;6.3;6.05;96.9;43.669
1135;5097.0;178.0;0.0;0.0;9.0;4.0;18.9;6.05;13.2;761.989
1136;5097.0;178.0;0.0;0.0;9.0;3.0;18.9;-6.05;96.9;518.609
1137;5097.0;178.0;0.0;0.0;9.0;4.0;69.3;-18.15;13.2;110.154
1138;5098.0;178.0;0.0;0.0;2.0;1.0;6.3;6.05;187.3;113.107
1139;5098.0;178.0;0.0;0.0;2.0;3.0;-6.3;6.05;96.9;426.919
1140;5099.0;178.0;0.0;0.0;4.0;1.0;6.3;6.05;187.3;11.065
1141;5099.0;178.0;0.0;0.0;4.0;2.0;6.3;6.05;134.8;292.709
1142;5099.0;178.0;0.0;0.0;4.0;3.0;6.3;6.05;96.9;434.496
1143;5099.0;178.0;0.0;0.0;4.0;4.0;6.3;6.05;13.2;744.446
1144;5100.0;178.0;0.0;0.0;3.0;1.0;6.3;6.05;187.3;113.386
1145;5100.0;178.0;0.0;0.0;3.0;3.0;-6.3;6.05;96.9;430.671
1146;5100.0;178.0;0.0;0.0;3.0;4.0;-6.3;6.05;13.2;713.181
