,Event_Number,Ini_E[MeV],Ini_X[cm],Ini_Y[cm],Ini_Z[cm],Ini_Theta,Ini_Phi,Number_of_hits
0,1,100.0,1.0,1.0,-220.0,0.0,0.0,3.0
1,1,6.3,6.05,-187.3,112.957,,,finHit
2,2,6.3,6.05,-134.8,317.644,,,finHit
3,4,31.5,18.15,-13.2,89.189,,,finHit
4,2,100.0,1.0,1.0,-220.0,0.0,0.0,3.0
5,1,6.3,6.05,-187.3,11.484,,,finHit
6,2,-6.3,-6.05,-134.8,288.073,,,finHit
7,4,6.3,6.05,-13.2,716.903,,,finHit
8,3,100.0,1.0,1.0,-220.0,0.0,0.0,3.0
9,1,6.3,6.05,-187.3,110.271,,,finHit
10,3,6.3,-6.05,-96.9,46.338,,,finHit
11,4,6.3,-30.25,-13.2,906.787,,,finHit
12,4,100.0,1.0,1.0,-220.0,0.0,0.0,4.0
13,1,6.3,6.05,-187.3,111.798,,,finHit
14,2,6.3,6.05,-134.8,317.573,,,finHit
15,3,6.3,6.05,-96.9,493.525,,,finHit
16,4,31.5,30.25,-13.2,941.268,,,finHit
17,5,100.0,1.0,1.0,-220.0,0.0,0.0,4.0
18,1,6.3,6.05,-187.3,117.997,,,finHit
19,2,6.3,6.05,-134.8,310.209,,,finHit
20,3,6.3,6.05,-96.9,454.893,,,finHit
21,4,6.3,18.15,-13.2,769.374,,,finHit
22,6,100.0,1.0,1.0,-220.0,0.0,0.0,4.0
23,1,6.3,6.05,-187.3,108.816,,,finHit
24,2,6.3,6.05,-134.8,277.091,,,finHit
25,3,6.3,-6.05,-96.9,434.143,,,finHit
26,4,6.3,-6.05,-13.2,727.692,,,finHit
27,7,100.0,1.0,1.0,-220.0,0.0,0.0,4.0
28,1,6.3,6.05,-187.3,106.745,,,finHit
29,2,6.3,6.05,-134.8,311.248,,,finHit
30,3,-6.3,6.05,-96.9,439.118,,,finHit
31,4,-6.3,-30.25,-13.2,922.785,,,finHit
32,8,100.0,1.0,1.0,-220.0,0.0,0.0,3.0
33,1,6.3,6.05,-187.3,115.278,,,finHit
34,3,-6.3,6.05,-96.9,43.567,,,finHit
35,3,6.3,6.05,-96.9,429.386,,,finHit
36,9,100.0,1.0,1.0,-220.0,0.0,0.0,3.0
37,1,6.3,6.05,-187.3,109.285,,,finHit
38,3,-6.3,6.05,-96.9,426.227,,,finHit
39,4,-6.3,6.05,-13.2,736.244,,,finHit
40,10,100.0,1.0,1.0,-220.0,0.0,0.0,5.0
41,1,6.3,6.05,-187.3,11.575,,,finHit
42,2,6.3,6.05,-134.8,287.212,,,finHit
43,3,-6.3,6.05,-96.9,441.527,,,finHit
44,4,-56.7,54.45,-13.2,122.315,,,finHit
45,4,-18.9,6.05,-13.2,775.585,,,finHit
46,11,100.0,1.0,1.0,-220.0,0.0,0.0,4.0
47,1,6.3,6.05,-187.3,113.489,,,finHit
48,2,6.3,6.05,-134.8,290.683,,,finHit
49,3,6.3,6.05,-96.9,427.581,,,finHit
50,4,6.3,6.05,-13.2,746.504,,,finHit
51,12,100.0,1.0,1.0,-220.0,0.0,0.0,3.0
52,1,6.3,6.05,-187.3,113.378,,,finHit
53,3,-6.3,6.05,-96.9,440.449,,,finHit
54,4,-31.5,30.25,-13.2,982.945,,,finHit
55,13,100.0,1.0,1.0,-220.0,0.0,0.0,3.0
56,1,6.3,6.05,-187.3,115.811,,,finHit
57,2,-6.3,-6.05,-134.8,291.144,,,finHit
58,3,-6.3,-6.05,-96.9,431.317,,,finHit
59,14,100.0,1.0,1.0,-220.0,0.0,0.0,3.0
60,1,6.3,6.05,-187.3,109.796,,,finHit
61,3,-6.3,6.05,-96.9,436.527,,,finHit
62,4,-18.9,18.15,-13.2,866.009,,,finHit
63,15,100.0,1.0,1.0,-220.0,0.0,0.0,5.0
64,1,6.3,6.05,-187.3,105.818,,,finHit
65,2,6.3,6.05,-134.8,340.166,,,finHit
66,3,18.9,6.05,-96.9,498.128,,,finHit
67,4,18.9,30.25,-13.2,892.614,,,finHit
68,4,-6.3,6.05,-13.2,733.878,,,finHit
69,16,100.0,1.0,1.0,-220.0,0.0,0.0,2.0
70,1,6.3,6.05,-187.3,109.875,,,finHit
71,4,-6.3,6.05,-13.2,731.969,,,finHit
72,17,100.0,1.0,1.0,-220.0,0.0,0.0,3.0
73,1,6.3,6.05,-187.3,11.254,,,finHit
74,2,6.3,6.05,-134.8,28.479,,,finHit
75,3,6.3,6.05,-96.9,430.837,,,finHit
76,18,100.0,1.0,1.0,-220.0,0.0,0.0,3.0
77,1,6.3,6.05,-187.3,109.685,,,finHit
78,3,6.3,-6.05,-96.9,439.555,,,finHit
79,4,18.9,6.05,-13.2,788.518,,,finHit
80,19,100.0,1.0,1.0,-220.0,0.0,0.0,3.0
81,1,6.3,6.05,-187.3,111.509,,,finHit
82,3,6.3,-6.05,-96.9,432.973,,,finHit
83,4,-18.9,-6.05,-13.2,782.501,,,finHit
84,20,100.0,1.0,1.0,-220.0,0.0,0.0,3.0
85,1,6.3,6.05,-187.3,115.461,,,finHit
86,2,6.3,6.05,-134.8,309.364,,,finHit
87,3,6.3,6.05,-96.9,463.278,,,finHit
88,21,100.0,1.0,1.0,-220.0,0.0,0.0,4.0
89,1,6.3,6.05,-187.3,110.939,,,finHit
90,2,6.3,6.05,-134.8,306.987,,,finHit
91,3,6.3,6.05,-96.9,469.251,,,finHit
92,4,6.3,18.15,-13.2,780.437,,,finHit
93,22,100.0,1.0,1.0,-220.0,0.0,0.0,4.0
94,1,6.3,6.05,-187.3,11.441,,,finHit
95,2,6.3,6.05,-134.8,307.778,,,finHit
96,3,6.3,6.05,-96.9,466.665,,,finHit
97,4,6.3,18.15,-13.2,793.721,,,finHit
98,23,100.0,1.0,1.0,-220.0,0.0,0.0,2.0
99,1,6.3,6.05,-187.3,112.825,,,finHit
100,4,-6.3,6.05,-13.2,707.858,,,finHit
101,24,100.0,1.0,1.0,-220.0,0.0,0.0,4.0
102,1,6.3,6.05,-187.3,111.929,,,finHit
103,2,6.3,-6.05,-134.8,29.964,,,finHit
104,3,6.3,-6.05,-96.9,442.168,,,finHit
105,4,6.3,-6.05,-13.2,741.019,,,finHit
106,25,100.0,1.0,1.0,-220.0,0.0,0.0,4.0
107,1,6.3,6.05,-187.3,115.364,,,finHit
108,2,-6.3,-6.05,-134.8,315.209,,,finHit
109,3,18.9,-30.25,-96.9,639.915,,,finHit
110,4,-6.3,6.05,-13.2,735.451,,,finHit
111,26,100.0,1.0,1.0,-220.0,0.0,0.0,3.0
112,1,6.3,6.05,-187.3,113.227,,,finHit
113,2,-6.3,6.05,-134.8,304.768,,,finHit
114,4,6.3,6.05,-13.2,711.502,,,finHit
115,27,100.0,1.0,1.0,-220.0,0.0,0.0,4.0
116,1,6.3,6.05,-187.3,113.072,,,finHit
117,2,-6.3,6.05,-134.8,2.902,,,finHit
118,3,-6.3,6.05,-96.9,427.558,,,finHit
119,4,-6.3,6.05,-13.2,748.012,,,finHit
120,28,100.0,1.0,1.0,-220.0,0.0,0.0,3.0
121,1,6.3,6.05,-187.3,10.959,,,finHit
122,3,-6.3,6.05,-96.9,439.272,,,finHit
123,4,-31.5,-6.05,-13.2,897.867,,,finHit
124,29,100.0,1.0,1.0,-220.0,0.0,0.0,4.0
125,1,6.3,6.05,-187.3,114.903,,,finHit
126,2,6.3,-6.05,-134.8,294.511,,,finHit
127,3,6.3,-6.05,-96.9,438.159,,,finHit
128,4,6.3,-6.05,-13.2,759.916,,,finHit
129,30,100.0,1.0,1.0,-220.0,0.0,0.0,4.0
130,1,6.3,6.05,-187.3,120.344,,,finHit
131,2,6.3,-6.05,-134.8,302.714,,,finHit
132,3,6.3,-6.05,-96.9,435.799,,,finHit
133,4,6.3,-6.05,-13.2,724.432,,,finHit
134,31,100.0,1.0,1.0,-220.0,0.0,0.0,4.0
135,1,6.3,6.05,-187.3,114.907,,,finHit
136,2,-6.3,6.05,-134.8,29.324,,,finHit
137,3,-6.3,6.05,-96.9,430.234,,,finHit
138,4,6.3,6.05,-13.2,726.992,,,finHit
139,32,100.0,1.0,1.0,-220.0,0.0,0.0,4.0
140,1,6.3,6.05,-187.3,119.137,,,finHit
141,2,6.3,-6.05,-134.8,29.147,,,finHit
142,3,6.3,-6.05,-96.9,425.286,,,finHit
143,4,18.9,-18.15,-13.2,85.387,,,finHit
144,33,100.0,1.0,1.0,-220.0,0.0,0.0,4.0
145,1,6.3,6.05,-187.3,104.608,,,finHit
146,2,6.3,-6.05,-134.8,316.143,,,finHit
147,3,6.3,-6.05,-96.9,471.533,,,finHit
148,4,18.9,-6.05,-13.2,805.818,,,finHit
149,34,100.0,1.0,1.0,-220.0,0.0,0.0,3.0
150,1,6.3,6.05,-187.3,110.027,,,finHit
151,3,-6.3,6.05,-96.9,431.688,,,finHit
152,4,-6.3,-6.05,-13.2,692.496,,,finHit
153,35,100.0,1.0,1.0,-220.0,0.0,0.0,2.0
154,1,6.3,6.05,-187.3,109.434,,,finHit
155,4,6.3,6.05,-13.2,747.983,,,finHit
156,36,100.0,1.0,1.0,-220.0,0.0,0.0,4.0
157,1,6.3,6.05,-187.3,114.037,,,finHit
158,2,6.3,6.05,-134.8,322.229,,,finHit
159,3,18.9,6.05,-96.9,491.226,,,finHit
160,4,44.1,30.25,-13.2,981.204,,,finHit
161,37,100.0,1.0,1.0,-220.0,0.0,0.0,5.0
162,1,6.3,6.05,-187.3,122.191,,,finHit
163,2,6.3,6.05,-134.8,295.958,,,finHit
164,3,-6.3,-6.05,-96.9,428.503,,,finHit
165,2,-31.5,-18.15,-134.8,135.383,,,finHit
166,1,-44.1,-6.05,-187.3,159.856,,,finHit
167,38,100.0,1.0,1.0,-220.0,0.0,0.0,3.0
168,1,6.3,6.05,-187.3,11.494,,,finHit
169,2,6.3,6.05,-134.8,290.993,,,finHit
170,3,6.3,-6.05,-96.9,432.096,,,finHit
171,39,100.0,1.0,1.0,-220.0,0.0,0.0,4.0
172,1,6.3,6.05,-187.3,107.569,,,finHit
173,2,-6.3,6.05,-134.8,304.565,,,finHit
174,3,-6.3,6.05,-96.9,444.241,,,finHit
175,4,-18.9,-6.05,-13.2,815.743,,,finHit
176,40,100.0,1.0,1.0,-220.0,0.0,0.0,4.0
177,1,6.3,6.05,-187.3,111.186,,,finHit
178,2,6.3,-6.05,-134.8,313.762,,,finHit
179,3,6.3,-6.05,-96.9,480.674,,,finHit
180,4,31.5,-18.15,-13.2,876.395,,,finHit
181,41,100.0,1.0,1.0,-220.0,0.0,0.0,3.0
182,1,6.3,6.05,-187.3,116.185,,,finHit
183,3,-6.3,6.05,-96.9,462.142,,,finHit
184,4,-6.3,6.05,-13.2,725.136,,,finHit
185,42,100.0,1.0,1.0,-220.0,0.0,0.0,4.0
186,1,6.3,6.05,-187.3,113.935,,,finHit
187,2,-6.3,6.05,-134.8,287.472,,,finHit
188,3,-6.3,6.05,-96.9,424.801,,,finHit
189,4,31.5,6.05,-13.2,836.831,,,finHit
190,43,100.0,1.0,1.0,-220.0,0.0,0.0,3.0
191,1,6.3,6.05,-187.3,11.272,,,finHit
192,3,-6.3,-6.05,-96.9,430.125,,,finHit
193,4,-18.9,-18.15,-13.2,867.838,,,finHit
194,44,100.0,1.0,1.0,-220.0,0.0,0.0,3.0
195,1,6.3,6.05,-187.3,11.088,,,finHit
196,2,-6.3,6.05,-134.8,295.778,,,finHit
197,3,-6.3,6.05,-96.9,457.621,,,finHit
198,45,100.0,1.0,1.0,-220.0,0.0,0.0,4.0
199,1,6.3,6.05,-187.3,11.014,,,finHit
200,2,-6.3,-6.05,-134.8,280.741,,,finHit
201,3,6.3,-6.05,-96.9,455.453,,,finHit
202,4,31.5,6.05,-13.2,865.827,,,finHit
203,46,100.0,1.0,1.0,-220.0,0.0,0.0,4.0
204,1,6.3,6.05,-187.3,113.764,,,finHit
205,2,6.3,-6.05,-134.8,29.473,,,finHit
206,3,6.3,-6.05,-96.9,457.295,,,finHit
207,4,18.9,-18.15,-13.2,813.684,,,finHit
208,47,100.0,1.0,1.0,-220.0,0.0,0.0,4.0
209,1,6.3,6.05,-187.3,11.859,,,finHit
210,2,6.3,6.05,-134.8,305.119,,,finHit
211,3,6.3,6.05,-96.9,428.865,,,finHit
212,4,6.3,-6.05,-13.2,738.108,,,finHit
213,48,100.0,1.0,1.0,-220.0,0.0,0.0,4.0
214,1,6.3,6.05,-187.3,109.236,,,finHit
215,3,-6.3,6.05,-96.9,433.344,,,finHit
216,4,-6.3,6.05,-13.2,756.569,,,finHit
217,4,-6.3,-6.05,-13.2,738.256,,,finHit
218,49,100.0,1.0,1.0,-220.0,0.0,0.0,3.0
219,1,6.3,6.05,-187.3,108.727,,,finHit
220,2,6.3,6.05,-134.8,307.348,,,finHit
221,3,6.3,6.05,-96.9,474.331,,,finHit
222,50,100.0,1.0,1.0,-220.0,0.0,0.0,4.0
223,1,6.3,6.05,-187.3,112.541,,,finHit
224,2,6.3,-6.05,-134.8,286.639,,,finHit
225,3,6.3,-6.05,-96.9,426.098,,,finHit
226,4,6.3,6.05,-13.2,739.318,,,finHit
227,51,100.0,1.0,1.0,-220.0,0.0,0.0,3.0
228,1,6.3,6.05,-187.3,118.915,,,finHit
229,2,6.3,6.05,-134.8,296.781,,,finHit
230,4,6.3,-6.05,-13.2,72.627,,,finHit
231,52,100.0,1.0,1.0,-220.0,0.0,0.0,2.0
232,1,6.3,6.05,-187.3,124.331,,,finHit
233,4,-6.3,-6.05,-13.2,707.511,,,finHit
234,53,100.0,1.0,1.0,-220.0,0.0,0.0,2.0
235,1,6.3,6.05,-187.3,104.656,,,finHit
236,2,6.3,-6.05,-134.8,323.141,,,finHit
237,54,100.0,1.0,1.0,-220.0,0.0,0.0,5.0
238,1,6.3,6.05,-187.3,109.667,,,finHit
239,3,6.3,-6.05,-96.9,460.169,,,finHit
240,4,6.3,-30.25,-13.2,867.981,,,finHit
241,2,6.3,-6.05,-134.8,296.487,,,finHit
242,3,44.1,-6.05,-96.9,702.455,,,finHit
243,55,100.0,1.0,1.0,-220.0,0.0,0.0,5.0
244,1,6.3,6.05,-187.3,116.565,,,finHit
245,2,-6.3,6.05,-134.8,329.457,,,finHit
246,3,-18.9,6.05,-96.9,50.095,,,finHit
247,4,-31.5,18.15,-13.2,914.609,,,finHit
248,4,-6.3,18.15,-13.2,780.057,,,finHit
249,56,100.0,1.0,1.0,-220.0,0.0,0.0,4.0
250,1,6.3,6.05,-187.3,112.643,,,finHit
251,2,-6.3,-6.05,-134.8,324.698,,,finHit
252,3,-6.3,-6.05,-96.9,488.732,,,finHit
253,4,-31.5,-6.05,-13.2,866.836,,,finHit
254,57,100.0,1.0,1.0,-220.0,0.0,0.0,4.0
255,1,6.3,6.05,-187.3,11.401,,,finHit
256,2,6.3,6.05,-134.8,302.676,,,finHit
257,3,6.3,6.05,-96.9,447.637,,,finHit
258,4,6.3,6.05,-13.2,755.409,,,finHit
259,58,100.0,1.0,1.0,-220.0,0.0,0.0,3.0
260,1,6.3,6.05,-187.3,106.858,,,finHit
261,2,-6.3,6.05,-134.8,291.592,,,finHit
262,4,31.5,-42.35,-13.2,104.158,,,finHit
263,59,100.0,1.0,1.0,-220.0,0.0,0.0,4.0
264,1,6.3,6.05,-187.3,116.077,,,finHit
265,2,-6.3,6.05,-134.8,292.215,,,finHit
266,3,-6.3,-6.05,-96.9,429.898,,,finHit
267,4,6.3,-6.05,-13.2,725.255,,,finHit
268,60,100.0,1.0,1.0,-220.0,0.0,0.0,3.0
269,1,6.3,6.05,-187.3,104.668,,,finHit
270,2,6.3,6.05,-134.8,287.327,,,finHit
271,3,6.3,-6.05,-96.9,430.896,,,finHit
272,61,100.0,1.0,1.0,-220.0,0.0,0.0,3.0
273,1,6.3,6.05,-187.3,11.474,,,finHit
274,2,-6.3,-6.05,-134.8,31.063,,,finHit
275,3,-6.3,-6.05,-96.9,459.939,,,finHit
276,62,100.0,1.0,1.0,-220.0,0.0,0.0,5.0
277,1,6.3,6.05,-187.3,110.254,,,finHit
278,2,-6.3,6.05,-134.8,295.735,,,finHit
279,3,-6.3,6.05,-96.9,431.207,,,finHit
280,4,-6.3,30.25,-13.2,87.861,,,finHit
281,4,6.3,18.15,-13.2,802.758,,,finHit
282,63,100.0,1.0,1.0,-220.0,0.0,0.0,2.0
283,1,6.3,6.05,-187.3,115.734,,,finHit
284,3,18.9,-6.05,-96.9,497.053,,,finHit
285,64,100.0,1.0,1.0,-220.0,0.0,0.0,4.0
286,1,6.3,6.05,-187.3,111.503,,,finHit
287,2,-6.3,6.05,-134.8,288.661,,,finHit
288,3,-6.3,6.05,-96.9,426.023,,,finHit
289,4,-6.3,6.05,-13.2,720.027,,,finHit
290,65,100.0,1.0,1.0,-220.0,0.0,0.0,6.0
291,1,6.3,6.05,-187.3,113.711,,,finHit
292,3,-6.3,-6.05,-96.9,426.727,,,finHit
293,4,-18.9,-6.05,-13.2,820.161,,,finHit
294,2,6.3,6.05,-134.8,286.704,,,finHit
295,3,6.3,6.05,-96.9,42.128,,,finHit
296,4,18.9,-6.05,-13.2,793.909,,,finHit
297,66,100.0,1.0,1.0,-220.0,0.0,0.0,3.0
298,1,6.3,6.05,-187.3,110.244,,,finHit
299,2,6.3,-6.05,-134.8,30.859,,,finHit
300,3,18.9,6.05,-96.9,551.301,,,finHit
301,67,100.0,1.0,1.0,-220.0,0.0,0.0,6.0
302,1,6.3,6.05,-187.3,112.697,,,finHit
303,2,-6.3,18.15,-134.8,378.247,,,finHit
304,2,-6.3,-6.05,-134.8,358.371,,,finHit
305,3,-31.5,-6.05,-96.9,572.954,,,finHit
306,2,6.3,-6.05,-134.8,292.607,,,finHit
307,3,-6.3,6.05,-96.9,422.041,,,finHit
308,68,100.0,1.0,1.0,-220.0,0.0,0.0,1.0
309,1,6.3,6.05,-187.3,113.025,,,finHit
310,69,100.0,1.0,1.0,-220.0,0.0,0.0,4.0
311,1,6.3,6.05,-187.3,117.302,,,finHit
312,2,6.3,6.05,-134.8,306.211,,,finHit
313,3,6.3,6.05,-96.9,47.167,,,finHit
314,4,18.9,30.25,-13.2,878.505,,,finHit
315,70,100.0,1.0,1.0,-220.0,0.0,0.0,4.0
316,1,6.3,6.05,-187.3,109.507,,,finHit
317,2,6.3,-6.05,-134.8,310.839,,,finHit
318,3,6.3,-6.05,-96.9,447.337,,,finHit
319,4,6.3,-6.05,-13.2,746.243,,,finHit
320,71,100.0,1.0,1.0,-220.0,0.0,0.0,3.0
321,1,6.3,6.05,-187.3,11.169,,,finHit
322,2,6.3,6.05,-134.8,301.551,,,finHit
323,3,6.3,6.05,-96.9,441.884,,,finHit
324,72,100.0,1.0,1.0,-220.0,0.0,0.0,4.0
325,1,6.3,6.05,-187.3,113.298,,,finHit
326,3,-6.3,-6.05,-96.9,444.652,,,finHit
327,4,31.5,18.15,-13.2,888.347,,,finHit
328,2,6.3,6.05,-134.8,293.752,,,finHit
329,73,100.0,1.0,1.0,-220.0,0.0,0.0,4.0
330,1,6.3,6.05,-187.3,112.448,,,finHit
331,2,6.3,-6.05,-134.8,302.791,,,finHit
332,3,44.1,6.05,-96.9,728.672,,,finHit
333,4,18.9,-6.05,-13.2,789.354,,,finHit
334,74,100.0,1.0,1.0,-220.0,0.0,0.0,3.0
335,1,6.3,6.05,-187.3,121.817,,,finHit
336,3,6.3,-6.05,-96.9,452.667,,,finHit
337,4,18.9,-6.05,-13.2,83.322,,,finHit
338,75,100.0,1.0,1.0,-220.0,0.0,0.0,4.0
339,1,6.3,6.05,-187.3,108.933,,,finHit
340,2,-6.3,6.05,-134.8,301.716,,,finHit
341,3,6.3,6.05,-96.9,438.689,,,finHit
342,4,6.3,6.05,-13.2,763.768,,,finHit
343,76,100.0,1.0,1.0,-220.0,0.0,0.0,2.0
344,1,6.3,6.05,-187.3,112.225,,,finHit
345,3,6.3,-6.05,-96.9,413.544,,,finHit
346,77,100.0,1.0,1.0,-220.0,0.0,0.0,4.0
347,1,6.3,6.05,-187.3,118.942,,,finHit
348,2,-6.3,6.05,-134.8,295.482,,,finHit
349,3,-6.3,6.05,-96.9,444.887,,,finHit
350,4,-18.9,6.05,-13.2,765.827,,,finHit
351,78,100.0,1.0,1.0,-220.0,0.0,0.0,4.0
352,1,6.3,6.05,-187.3,11.443,,,finHit
353,2,-6.3,-6.05,-134.8,288.559,,,finHit
354,3,-6.3,-6.05,-96.9,419.208,,,finHit
355,4,6.3,-6.05,-13.2,753.729,,,finHit
356,79,100.0,1.0,1.0,-220.0,0.0,0.0,4.0
357,1,6.3,6.05,-187.3,106.378,,,finHit
358,2,6.3,6.05,-134.8,30.875,,,finHit
359,3,6.3,6.05,-96.9,468.632,,,finHit
360,4,18.9,6.05,-13.2,821.228,,,finHit
361,80,100.0,1.0,1.0,-220.0,0.0,0.0,2.0
362,1,6.3,6.05,-187.3,115.229,,,finHit
363,4,18.9,6.05,-13.2,782.574,,,finHit
364,81,100.0,1.0,1.0,-220.0,0.0,0.0,3.0
365,1,6.3,6.05,-187.3,10.477,,,finHit
366,3,-6.3,-6.05,-96.9,42.059,,,finHit
367,4,-6.3,6.05,-13.2,705.701,,,finHit
368,82,100.0,1.0,1.0,-220.0,0.0,0.0,2.0
369,1,6.3,6.05,-187.3,116.602,,,finHit
370,3,6.3,6.05,-96.9,454.483,,,finHit
371,83,100.0,1.0,1.0,-220.0,0.0,0.0,1.0
372,1,6.3,6.05,-187.3,121.253,,,finHit
373,84,100.0,1.0,1.0,-220.0,0.0,0.0,3.0
374,1,6.3,6.05,-187.3,112.814,,,finHit
375,3,-6.3,6.05,-96.9,424.219,,,finHit
376,4,-6.3,6.05,-13.2,739.553,,,finHit
377,85,100.0,1.0,1.0,-220.0,0.0,0.0,4.0
378,1,6.3,6.05,-187.3,106.898,,,finHit
379,2,-6.3,6.05,-134.8,299.089,,,finHit
380,3,-6.3,6.05,-96.9,442.921,,,finHit
381,4,-6.3,18.15,-13.2,784.511,,,finHit
382,86,100.0,1.0,1.0,-220.0,0.0,0.0,5.0
383,1,6.3,6.05,-187.3,114.235,,,finHit
384,3,-44.1,-6.05,-96.9,696.093,,,finHit
385,3,-6.3,6.05,-96.9,429.732,,,finHit
386,4,-6.3,18.15,-13.2,8.033,,,finHit
387,4,6.3,18.15,-13.2,786.553,,,finHit
388,87,100.0,1.0,1.0,-220.0,0.0,0.0,3.0
389,1,6.3,6.05,-187.3,108.189,,,finHit
390,3,-6.3,6.05,-96.9,428.417,,,finHit
391,4,-6.3,6.05,-13.2,750.205,,,finHit
392,88,100.0,1.0,1.0,-220.0,0.0,0.0,2.0
393,1,6.3,6.05,-187.3,115.734,,,finHit
394,4,-6.3,-6.05,-13.2,697.041,,,finHit
395,89,100.0,1.0,1.0,-220.0,0.0,0.0,4.0
396,1,6.3,6.05,-187.3,117.521,,,finHit
397,2,-6.3,6.05,-134.8,304.217,,,finHit
398,3,-6.3,6.05,-96.9,444.667,,,finHit
399,4,-6.3,6.05,-13.2,726.637,,,finHit
400,90,100.0,1.0,1.0,-220.0,0.0,0.0,5.0
401,1,6.3,6.05,-187.3,116.117,,,finHit
402,2,6.3,6.05,-134.8,313.179,,,finHit
403,3,18.9,-6.05,-96.9,482.354,,,finHit
404,4,31.5,-6.05,-13.2,877.916,,,finHit
405,4,6.3,6.05,-13.2,756.809,,,finHit
406,91,100.0,1.0,1.0,-220.0,0.0,0.0,3.0
407,1,6.3,6.05,-187.3,111.913,,,finHit
408,3,-6.3,-6.05,-96.9,41.996,,,finHit
409,4,-6.3,-6.05,-13.2,751.798,,,finHit
410,92,100.0,1.0,1.0,-220.0,0.0,0.0,4.0
411,1,6.3,6.05,-187.3,112.355,,,finHit
412,2,6.3,6.05,-134.8,296.715,,,finHit
413,4,18.9,-6.05,-13.2,801.731,,,finHit
414,4,18.9,6.05,-13.2,797.045,,,finHit
415,93,100.0,1.0,1.0,-220.0,0.0,0.0,4.0
416,1,6.3,6.05,-187.3,113.018,,,finHit
417,2,6.3,-6.05,-134.8,302.569,,,finHit
418,3,6.3,-6.05,-96.9,445.994,,,finHit
419,4,6.3,-6.05,-13.2,732.635,,,finHit
420,94,100.0,1.0,1.0,-220.0,0.0,0.0,4.0
421,1,6.3,6.05,-187.3,113.771,,,finHit
422,2,6.3,6.05,-134.8,289.216,,,finHit
423,3,-6.3,6.05,-96.9,429.085,,,finHit
424,4,-18.9,6.05,-13.2,761.104,,,finHit
425,95,100.0,1.0,1.0,-220.0,0.0,0.0,2.0
426,1,6.3,6.05,-187.3,11.453,,,finHit
427,3,-6.3,6.05,-96.9,44.691,,,finHit
428,96,100.0,1.0,1.0,-220.0,0.0,0.0,4.0
429,1,6.3,6.05,-187.3,105.386,,,finHit
430,2,-6.3,-6.05,-134.8,292.137,,,finHit
431,3,-6.3,-6.05,-96.9,446.256,,,finHit
432,4,-18.9,-6.05,-13.2,759.391,,,finHit
433,97,100.0,1.0,1.0,-220.0,0.0,0.0,4.0
434,1,6.3,6.05,-187.3,121.929,,,finHit
435,2,6.3,6.05,-134.8,285.243,,,finHit
436,3,-6.3,6.05,-96.9,418.955,,,finHit
437,4,6.3,6.05,-13.2,717.851,,,finHit
438,98,100.0,1.0,1.0,-220.0,0.0,0.0,4.0
439,1,6.3,6.05,-187.3,113.214,,,finHit
440,2,6.3,6.05,-134.8,305.308,,,finHit
441,3,6.3,6.05,-96.9,456.667,,,finHit
442,4,6.3,18.15,-13.2,771.779,,,finHit
443,99,100.0,1.0,1.0,-220.0,0.0,0.0,4.0
444,1,6.3,6.05,-187.3,112.957,,,finHit
445,2,-6.3,-6.05,-134.8,292.118,,,finHit
446,3,-6.3,-6.05,-96.9,417.832,,,finHit
447,4,-6.3,-18.15,-13.2,783.458,,,finHit
448,100,100.0,1.0,1.0,-220.0,0.0,0.0,3.0
449,1,6.3,6.05,-187.3,112.116,,,finHit
450,2,6.3,-6.05,-134.8,296.371,,,finHit
451,3,6.3,-6.05,-96.9,434.625,,,finHit
452,1,10.0,1.0,1.0,-220.0,0.0,0.0,1.0
453,1,6.3,6.05,-187.3,116.614,,,finHit
454,2,10.0,1.0,1.0,-220.0,0.0,0.0,1.0
455,1,6.3,6.05,-187.3,100.586,,,finHit
456,3,10.0,1.0,1.0,-220.0,0.0,0.0,1.0
457,1,6.3,6.05,-187.3,105.426,,,finHit
458,4,10.0,1.0,1.0,-220.0,0.0,0.0,1.0
459,1,6.3,6.05,-187.3,110.828,,,finHit
460,5,10.0,1.0,1.0,-220.0,0.0,0.0,1.0
461,1,6.3,6.05,-187.3,11.411,,,finHit
462,6,10.0,1.0,1.0,-220.0,0.0,0.0,1.0
463,1,6.3,6.05,-187.3,108.729,,,finHit
464,7,10.0,1.0,1.0,-220.0,0.0,0.0,1.0
465,1,6.3,6.05,-187.3,116.462,,,finHit
466,8,10.0,1.0,1.0,-220.0,0.0,0.0,1.0
467,1,6.3,6.05,-187.3,115.169,,,finHit
468,9,10.0,1.0,1.0,-220.0,0.0,0.0,1.0
469,1,6.3,6.05,-187.3,113.288,,,finHit
470,10,10.0,1.0,1.0,-220.0,0.0,0.0,1.0
471,1,6.3,6.05,-187.3,116.544,,,finHit
472,11,10.0,1.0,1.0,-220.0,0.0,0.0,1.0
473,1,6.3,6.05,-187.3,115.331,,,finHit
474,12,10.0,1.0,1.0,-220.0,0.0,0.0,1.0
475,1,6.3,6.05,-187.3,114.193,,,finHit
476,13,10.0,1.0,1.0,-220.0,0.0,0.0,1.0
477,1,6.3,6.05,-187.3,106.222,,,finHit
478,14,10.0,1.0,1.0,-220.0,0.0,0.0,1.0
479,1,6.3,6.05,-187.3,122.009,,,finHit
480,15,10.0,1.0,1.0,-220.0,0.0,0.0,1.0
481,1,6.3,6.05,-187.3,113.954,,,finHit
482,16,10.0,1.0,1.0,-220.0,0.0,0.0,1.0
483,1,6.3,6.05,-187.3,110.955,,,finHit
484,17,10.0,1.0,1.0,-220.0,0.0,0.0,1.0
485,1,6.3,6.05,-187.3,111.426,,,finHit
486,18,10.0,1.0,1.0,-220.0,0.0,0.0,1.0
487,1,6.3,6.05,-187.3,102.574,,,finHit
488,19,10.0,1.0,1.0,-220.0,0.0,0.0,1.0
489,1,6.3,6.05,-187.3,114.409,,,finHit
490,20,10.0,1.0,1.0,-220.0,0.0,0.0,1.0
491,1,6.3,6.05,-187.3,102.847,,,finHit
492,21,10.0,1.0,1.0,-220.0,0.0,0.0,1.0
493,1,6.3,6.05,-187.3,108.357,,,finHit
494,22,10.0,1.0,1.0,-220.0,0.0,0.0,1.0
495,1,6.3,6.05,-187.3,109.321,,,finHit
496,23,10.0,1.0,1.0,-220.0,0.0,0.0,1.0
497,1,6.3,6.05,-187.3,103.344,,,finHit
498,24,10.0,1.0,1.0,-220.0,0.0,0.0,1.0
499,1,6.3,6.05,-187.3,11.503,,,finHit
500,25,10.0,1.0,1.0,-220.0,0.0,0.0,1.0
501,1,6.3,6.05,-187.3,121.377,,,finHit
502,26,10.0,1.0,1.0,-220.0,0.0,0.0,1.0
503,1,6.3,6.05,-187.3,115.683,,,finHit
504,27,10.0,1.0,1.0,-220.0,0.0,0.0,1.0
505,1,6.3,6.05,-187.3,113.161,,,finHit
506,28,10.0,1.0,1.0,-220.0,0.0,0.0,1.0
507,1,6.3,6.05,-187.3,114.373,,,finHit
508,29,10.0,1.0,1.0,-220.0,0.0,0.0,1.0
509,1,6.3,6.05,-187.3,122.381,,,finHit
510,30,10.0,1.0,1.0,-220.0,0.0,0.0,1.0
511,1,6.3,6.05,-187.3,117.797,,,finHit
512,31,10.0,1.0,1.0,-220.0,0.0,0.0,1.0
513,1,6.3,6.05,-187.3,11.046,,,finHit
514,32,10.0,1.0,1.0,-220.0,0.0,0.0,1.0
515,1,6.3,6.05,-187.3,10.946,,,finHit
516,33,10.0,1.0,1.0,-220.0,0.0,0.0,1.0
517,1,6.3,6.05,-187.3,116.869,,,finHit
518,34,10.0,1.0,1.0,-220.0,0.0,0.0,1.0
519,1,6.3,6.05,-187.3,108.213,,,finHit
520,35,10.0,1.0,1.0,-220.0,0.0,0.0,1.0
521,1,6.3,6.05,-187.3,113.385,,,finHit
522,36,10.0,1.0,1.0,-220.0,0.0,0.0,1.0
523,1,6.3,6.05,-187.3,116.386,,,finHit
524,37,10.0,1.0,1.0,-220.0,0.0,0.0,2.0
525,1,6.3,6.05,-187.3,10.623,,,finHit
526,2,56.7,6.05,-134.8,715.461,,,finHit
527,38,10.0,1.0,1.0,-220.0,0.0,0.0,1.0
528,1,6.3,6.05,-187.3,11.276,,,finHit
529,39,10.0,1.0,1.0,-220.0,0.0,0.0,1.0
530,1,6.3,6.05,-187.3,109.191,,,finHit
531,40,10.0,1.0,1.0,-220.0,0.0,0.0,1.0
532,1,6.3,6.05,-187.3,112.971,,,finHit
533,41,10.0,1.0,1.0,-220.0,0.0,0.0,1.0
534,1,6.3,6.05,-187.3,104.253,,,finHit
535,42,10.0,1.0,1.0,-220.0,0.0,0.0,1.0
536,1,6.3,6.05,-187.3,104.615,,,finHit
537,43,10.0,1.0,1.0,-220.0,0.0,0.0,1.0
538,1,6.3,6.05,-187.3,114.397,,,finHit
539,44,10.0,1.0,1.0,-220.0,0.0,0.0,1.0
540,1,6.3,6.05,-187.3,111.971,,,finHit
541,45,10.0,1.0,1.0,-220.0,0.0,0.0,2.0
542,1,6.3,6.05,-187.3,115.004,,,finHit
543,2,6.3,-30.25,-134.8,457.958,,,finHit
544,46,10.0,1.0,1.0,-220.0,0.0,0.0,1.0
545,1,6.3,6.05,-187.3,108.219,,,finHit
546,47,10.0,1.0,1.0,-220.0,0.0,0.0,1.0
547,1,6.3,6.05,-187.3,109.704,,,finHit
548,48,10.0,1.0,1.0,-220.0,0.0,0.0,1.0
549,1,6.3,6.05,-187.3,124.846,,,finHit
550,49,10.0,1.0,1.0,-220.0,0.0,0.0,1.0
551,1,6.3,6.05,-187.3,114.076,,,finHit
552,50,10.0,1.0,1.0,-220.0,0.0,0.0,1.0
553,1,6.3,6.05,-187.3,114.953,,,finHit
554,51,10.0,1.0,1.0,-220.0,0.0,0.0,1.0
555,1,6.3,6.05,-187.3,106.837,,,finHit
556,52,10.0,1.0,1.0,-220.0,0.0,0.0,1.0
557,1,6.3,6.05,-187.3,107.081,,,finHit
558,53,10.0,1.0,1.0,-220.0,0.0,0.0,1.0
559,1,6.3,6.05,-187.3,11.451,,,finHit
560,54,10.0,1.0,1.0,-220.0,0.0,0.0,2.0
561,1,6.3,6.05,-187.3,11.366,,,finHit
562,2,-18.9,-18.15,-134.8,417.796,,,finHit
563,55,10.0,1.0,1.0,-220.0,0.0,0.0,1.0
564,1,6.3,6.05,-187.3,116.826,,,finHit
565,56,10.0,1.0,1.0,-220.0,0.0,0.0,2.0
566,1,6.3,6.05,-187.3,109.579,,,finHit
567,2,44.1,-30.25,-134.8,66.845,,,finHit
568,57,10.0,1.0,1.0,-220.0,0.0,0.0,1.0
569,1,6.3,6.05,-187.3,115.869,,,finHit
570,58,10.0,1.0,1.0,-220.0,0.0,0.0,1.0
571,1,6.3,6.05,-187.3,119.365,,,finHit
572,59,10.0,1.0,1.0,-220.0,0.0,0.0,1.0
573,1,6.3,6.05,-187.3,117.333,,,finHit
574,60,10.0,1.0,1.0,-220.0,0.0,0.0,1.0
575,1,6.3,6.05,-187.3,117.024,,,finHit
576,61,10.0,1.0,1.0,-220.0,0.0,0.0,1.0
577,1,6.3,6.05,-187.3,120.772,,,finHit
578,62,10.0,1.0,1.0,-220.0,0.0,0.0,2.0
579,1,6.3,6.05,-187.3,119.028,,,finHit
580,2,-6.3,-30.25,-134.8,440.428,,,finHit
581,63,10.0,1.0,1.0,-220.0,0.0,0.0,1.0
582,1,6.3,6.05,-187.3,11.902,,,finHit
583,64,10.0,1.0,1.0,-220.0,0.0,0.0,1.0
584,1,6.3,6.05,-187.3,121.326,,,finHit
585,65,10.0,1.0,1.0,-220.0,0.0,0.0,1.0
586,1,6.3,6.05,-187.3,117.806,,,finHit
587,66,10.0,1.0,1.0,-220.0,0.0,0.0,1.0
588,1,6.3,6.05,-187.3,12.071,,,finHit
589,67,10.0,1.0,1.0,-220.0,0.0,0.0,1.0
590,1,6.3,6.05,-187.3,116.151,,,finHit
591,68,10.0,1.0,1.0,-220.0,0.0,0.0,1.0
592,1,6.3,6.05,-187.3,113.056,,,finHit
593,69,10.0,1.0,1.0,-220.0,0.0,0.0,1.0
594,1,6.3,6.05,-187.3,109.085,,,finHit
595,70,10.0,1.0,1.0,-220.0,0.0,0.0,1.0
596,1,6.3,6.05,-187.3,117.212,,,finHit
597,71,10.0,1.0,1.0,-220.0,0.0,0.0,1.0
598,1,6.3,6.05,-187.3,110.294,,,finHit
599,72,10.0,1.0,1.0,-220.0,0.0,0.0,1.0
600,1,6.3,6.05,-187.3,110.238,,,finHit
601,73,10.0,1.0,1.0,-220.0,0.0,0.0,1.0
602,1,6.3,6.05,-187.3,119.464,,,finHit
603,74,10.0,1.0,1.0,-220.0,0.0,0.0,1.0
604,1,6.3,6.05,-187.3,109.133,,,finHit
605,75,10.0,1.0,1.0,-220.0,0.0,0.0,1.0
606,1,6.3,6.05,-187.3,112.473,,,finHit
607,76,10.0,1.0,1.0,-220.0,0.0,0.0,2.0
608,1,6.3,6.05,-187.3,112.362,,,finHit
609,2,-18.9,-6.05,-134.8,410.042,,,finHit
610,77,10.0,1.0,1.0,-220.0,0.0,0.0,1.0
611,1,6.3,6.05,-187.3,108.369,,,finHit
612,78,10.0,1.0,1.0,-220.0,0.0,0.0,1.0
613,1,6.3,6.05,-187.3,114.344,,,finHit
614,79,10.0,1.0,1.0,-220.0,0.0,0.0,1.0
615,1,6.3,6.05,-187.3,119.583,,,finHit
616,80,10.0,1.0,1.0,-220.0,0.0,0.0,1.0
617,1,6.3,6.05,-187.3,112.975,,,finHit
618,81,10.0,1.0,1.0,-220.0,0.0,0.0,1.0
619,1,6.3,6.05,-187.3,11.339,,,finHit
620,82,10.0,1.0,1.0,-220.0,0.0,0.0,1.0
621,1,6.3,6.05,-187.3,116.581,,,finHit
622,83,10.0,1.0,1.0,-220.0,0.0,0.0,1.0
623,1,6.3,6.05,-187.3,110.763,,,finHit
624,84,10.0,1.0,1.0,-220.0,0.0,0.0,1.0
625,1,6.3,6.05,-187.3,113.284,,,finHit
626,85,10.0,1.0,1.0,-220.0,0.0,0.0,1.0
627,1,6.3,6.05,-187.3,113.571,,,finHit
628,86,10.0,1.0,1.0,-220.0,0.0,0.0,1.0
629,1,6.3,6.05,-187.3,109.146,,,finHit
630,87,10.0,1.0,1.0,-220.0,0.0,0.0,1.0
631,1,-6.3,6.05,-187.3,110.097,,,finHit
632,88,10.0,1.0,1.0,-220.0,0.0,0.0,1.0
633,1,6.3,6.05,-187.3,107.891,,,finHit
634,89,10.0,1.0,1.0,-220.0,0.0,0.0,1.0
635,1,6.3,6.05,-187.3,116.033,,,finHit
636,90,10.0,1.0,1.0,-220.0,0.0,0.0,1.0
637,1,6.3,6.05,-187.3,11.507,,,finHit
638,91,10.0,1.0,1.0,-220.0,0.0,0.0,1.0
639,1,6.3,6.05,-187.3,112.658,,,finHit
640,1,133.0,1.0,1.0,-220.0,0.0,0.0,4.0
641,1,6.3,6.05,-187.3,117.108,,,finHit
642,2,6.3,-6.05,-134.8,291.438,,,finHit
643,3,6.3,-6.05,-96.9,431.865,,,finHit
644,4,-6.3,-18.15,-13.2,778.629,,,finHit
645,2,133.0,1.0,1.0,-220.0,0.0,0.0,4.0
646,1,6.3,6.05,-187.3,115.393,,,finHit
647,2,6.3,6.05,-134.8,307.452,,,finHit
648,3,6.3,6.05,-96.9,466.888,,,finHit
649,4,18.9,18.15,-13.2,846.909,,,finHit
650,3,133.0,1.0,1.0,-220.0,0.0,0.0,4.0
651,1,6.3,6.05,-187.3,115.211,,,finHit
652,2,6.3,6.05,-134.8,308.279,,,finHit
653,3,6.3,6.05,-96.9,43.218,,,finHit
654,4,6.3,6.05,-13.2,715.662,,,finHit
655,4,133.0,1.0,1.0,-220.0,0.0,0.0,3.0
656,1,6.3,6.05,-187.3,114.445,,,finHit
657,3,6.3,6.05,-96.9,450.663,,,finHit
658,3,6.3,-6.05,-96.9,456.509,,,finHit
659,5,133.0,1.0,1.0,-220.0,0.0,0.0,3.0
660,1,6.3,6.05,-187.3,108.793,,,finHit
661,3,-6.3,-6.05,-96.9,442.586,,,finHit
662,4,-18.9,-18.15,-13.2,827.845,,,finHit
663,6,133.0,1.0,1.0,-220.0,0.0,0.0,4.0
664,1,6.3,6.05,-187.3,113.429,,,finHit
665,2,6.3,6.05,-134.8,298.435,,,finHit
666,3,6.3,6.05,-96.9,437.279,,,finHit
667,4,6.3,18.15,-13.2,818.474,,,finHit
668,7,133.0,1.0,1.0,-220.0,0.0,0.0,3.0
669,1,6.3,6.05,-187.3,111.318,,,finHit
670,3,-6.3,6.05,-96.9,41.825,,,finHit
671,4,-6.3,18.15,-13.2,779.938,,,finHit
672,8,133.0,1.0,1.0,-220.0,0.0,0.0,3.0
673,1,6.3,6.05,-187.3,112.316,,,finHit
674,3,-6.3,6.05,-96.9,421.199,,,finHit
675,4,-6.3,6.05,-13.2,752.349,,,finHit
676,9,133.0,1.0,1.0,-220.0,0.0,0.0,5.0
677,1,6.3,6.05,-187.3,110.053,,,finHit
678,2,-6.3,-6.05,-134.8,303.412,,,finHit
679,3,-6.3,-6.05,-96.9,452.568,,,finHit
680,4,6.3,-18.15,-13.2,781.133,,,finHit
681,4,6.3,-6.05,-13.2,765.619,,,finHit
682,10,133.0,1.0,1.0,-220.0,0.0,0.0,4.0
683,1,6.3,6.05,-187.3,114.355,,,finHit
684,2,6.3,-6.05,-134.8,291.553,,,finHit
685,3,-6.3,-6.05,-96.9,433.201,,,finHit
686,4,-6.3,-6.05,-13.2,747.287,,,finHit
687,11,133.0,1.0,1.0,-220.0,0.0,0.0,5.0
688,1,6.3,6.05,-187.3,112.282,,,finHit
689,2,-6.3,-6.05,-134.8,280.078,,,finHit
690,3,-6.3,-6.05,-96.9,449.208,,,finHit
691,4,-18.9,-6.05,-13.2,764.157,,,finHit
692,4,-6.3,-6.05,-13.2,733.518,,,finHit
693,12,133.0,1.0,1.0,-220.0,0.0,0.0,4.0
694,1,6.3,6.05,-187.3,119.544,,,finHit
695,2,6.3,-6.05,-134.8,305.717,,,finHit
696,3,6.3,-6.05,-96.9,453.703,,,finHit
697,4,18.9,-18.15,-13.2,796.691,,,finHit
698,13,133.0,1.0,1.0,-220.0,0.0,0.0,3.0
699,1,6.3,6.05,-187.3,113.648,,,finHit
700,3,-6.3,-6.05,-96.9,440.142,,,finHit
701,4,18.9,30.25,-13.2,895.521,,,finHit
702,14,133.0,1.0,1.0,-220.0,0.0,0.0,4.0
703,1,6.3,6.05,-187.3,113.691,,,finHit
704,2,-6.3,6.05,-134.8,282.629,,,finHit
705,3,-6.3,6.05,-96.9,428.413,,,finHit
706,4,-6.3,6.05,-13.2,736.163,,,finHit
707,15,133.0,1.0,1.0,-220.0,0.0,0.0,3.0
708,1,6.3,6.05,-187.3,107.909,,,finHit
709,2,-6.3,6.05,-134.8,297.426,,,finHit
710,3,-6.3,6.05,-96.9,438.708,,,finHit
711,16,133.0,1.0,1.0,-220.0,0.0,0.0,1.0
712,1,6.3,6.05,-187.3,117.185,,,finHit
713,17,133.0,1.0,1.0,-220.0,0.0,0.0,4.0
714,1,6.3,6.05,-187.3,109.708,,,finHit
715,2,6.3,6.05,-134.8,312.523,,,finHit
716,3,6.3,-6.05,-96.9,438.547,,,finHit
717,4,-6.3,-6.05,-13.2,74.494,,,finHit
718,18,133.0,1.0,1.0,-220.0,0.0,0.0,2.0
719,1,6.3,6.05,-187.3,111.687,,,finHit
720,4,-18.9,6.05,-13.2,771.869,,,finHit
721,19,133.0,1.0,1.0,-220.0,0.0,0.0,3.0
722,1,6.3,6.05,-187.3,113.925,,,finHit
723,2,6.3,6.05,-134.8,301.168,,,finHit
724,3,6.3,6.05,-96.9,444.331,,,finHit
725,20,133.0,1.0,1.0,-220.0,0.0,0.0,4.0
726,1,6.3,6.05,-187.3,112.777,,,finHit
727,2,6.3,-6.05,-134.8,288.414,,,finHit
728,3,6.3,6.05,-96.9,430.252,,,finHit
729,4,6.3,6.05,-13.2,743.417,,,finHit
730,21,133.0,1.0,1.0,-220.0,0.0,0.0,3.0
731,1,6.3,6.05,-187.3,106.844,,,finHit
732,2,6.3,6.05,-134.8,292.502,,,finHit
733,4,6.3,-6.05,-13.2,701.777,,,finHit
734,22,133.0,1.0,1.0,-220.0,0.0,0.0,4.0
735,1,6.3,6.05,-187.3,111.535,,,finHit
736,2,6.3,6.05,-134.8,300.185,,,finHit
737,3,6.3,6.05,-96.9,434.425,,,finHit
738,4,6.3,6.05,-13.2,697.895,,,finHit
739,23,133.0,1.0,1.0,-220.0,0.0,0.0,3.0
740,1,6.3,6.05,-187.3,112.079,,,finHit
741,2,6.3,6.05,-134.8,292.973,,,finHit
742,4,-6.3,6.05,-13.2,756.704,,,finHit
743,24,133.0,1.0,1.0,-220.0,0.0,0.0,3.0
744,1,6.3,6.05,-187.3,107.338,,,finHit
745,2,-6.3,-6.05,-134.8,303.644,,,finHit
746,3,-18.9,6.05,-96.9,490.319,,,finHit
747,25,133.0,1.0,1.0,-220.0,0.0,0.0,3.0
748,1,6.3,6.05,-187.3,109.885,,,finHit
749,3,-6.3,6.05,-96.9,421.555,,,finHit
750,4,-6.3,6.05,-13.2,724.474,,,finHit
751,26,133.0,1.0,1.0,-220.0,0.0,0.0,3.0
752,1,6.3,6.05,-187.3,108.459,,,finHit
753,2,6.3,6.05,-134.8,30.093,,,finHit
754,3,6.3,6.05,-96.9,429.374,,,finHit
755,27,133.0,1.0,1.0,-220.0,0.0,0.0,4.0
756,1,6.3,6.05,-187.3,107.891,,,finHit
757,2,-6.3,-6.05,-134.8,304.817,,,finHit
758,3,-6.3,-6.05,-96.9,450.182,,,finHit
759,4,-18.9,-6.05,-13.2,768.877,,,finHit
760,28,133.0,1.0,1.0,-220.0,0.0,0.0,6.0
761,1,6.3,6.05,-187.3,115.256,,,finHit
762,3,6.3,6.05,-96.9,426.193,,,finHit
763,4,18.9,-18.15,-13.2,830.933,,,finHit
764,3,6.3,-6.05,-96.9,41.409,,,finHit
765,4,6.3,6.05,-13.2,712.024,,,finHit
766,4,-6.3,-6.05,-13.2,70.807,,,finHit
767,29,133.0,1.0,1.0,-220.0,0.0,0.0,4.0
768,1,6.3,6.05,-187.3,106.115,,,finHit
769,2,-6.3,-6.05,-134.8,307.266,,,finHit
770,3,-6.3,-6.05,-96.9,457.358,,,finHit
771,4,-18.9,-18.15,-13.2,813.307,,,finHit
772,30,133.0,1.0,1.0,-220.0,0.0,0.0,4.0
773,1,6.3,6.05,-187.3,10.818,,,finHit
774,2,6.3,6.05,-134.8,292.997,,,finHit
775,3,6.3,6.05,-96.9,420.207,,,finHit
776,4,-6.3,6.05,-13.2,754.364,,,finHit
777,31,133.0,1.0,1.0,-220.0,0.0,0.0,4.0
778,1,6.3,6.05,-187.3,114.644,,,finHit
779,2,-6.3,6.05,-134.8,291.744,,,finHit
780,3,-6.3,6.05,-96.9,425.025,,,finHit
781,4,-6.3,6.05,-13.2,745.859,,,finHit
782,32,133.0,1.0,1.0,-220.0,0.0,0.0,4.0
783,1,6.3,6.05,-187.3,109.604,,,finHit
784,2,-6.3,6.05,-134.8,292.888,,,finHit
785,3,-6.3,6.05,-96.9,449.359,,,finHit
786,4,-6.3,6.05,-13.2,752.736,,,finHit
787,33,133.0,1.0,1.0,-220.0,0.0,0.0,4.0
788,1,6.3,6.05,-187.3,10.616,,,finHit
789,2,6.3,6.05,-134.8,314.948,,,finHit
790,3,6.3,6.05,-96.9,440.741,,,finHit
791,4,6.3,6.05,-13.2,749.778,,,finHit
792,34,133.0,1.0,1.0,-220.0,0.0,0.0,5.0
793,1,6.3,6.05,-187.3,114.632,,,finHit
794,2,-6.3,6.05,-134.8,296.771,,,finHit
795,3,-6.3,6.05,-96.9,43.054,,,finHit
796,4,-31.5,6.05,-13.2,851.188,,,finHit
797,4,-18.9,6.05,-13.2,798.846,,,finHit
798,35,133.0,1.0,1.0,-220.0,0.0,0.0,4.0
799,1,6.3,6.05,-187.3,122.598,,,finHit
800,2,6.3,6.05,-134.8,298.321,,,finHit
801,3,6.3,6.05,-96.9,424.976,,,finHit
802,4,-6.3,18.15,-13.2,792.408,,,finHit
803,36,133.0,1.0,1.0,-220.0,0.0,0.0,3.0
804,1,6.3,6.05,-187.3,108.961,,,finHit
805,3,6.3,-6.05,-96.9,424.529,,,finHit
806,4,6.3,-6.05,-13.2,734.736,,,finHit
807,37,133.0,1.0,1.0,-220.0,0.0,0.0,4.0
808,1,6.3,6.05,-187.3,116.994,,,finHit
809,2,6.3,6.05,-134.8,291.951,,,finHit
810,3,-6.3,6.05,-96.9,437.841,,,finHit
811,4,-18.9,18.15,-13.2,800.708,,,finHit
812,38,133.0,1.0,1.0,-220.0,0.0,0.0,4.0
813,1,6.3,6.05,-187.3,118.627,,,finHit
814,2,-6.3,6.05,-134.8,293.997,,,finHit
815,3,-6.3,6.05,-96.9,448.756,,,finHit
816,4,-18.9,6.05,-13.2,793.482,,,finHit
817,39,133.0,1.0,1.0,-220.0,0.0,0.0,4.0
818,1,6.3,6.05,-187.3,102.296,,,finHit
819,2,6.3,6.05,-134.8,292.316,,,finHit
820,3,6.3,6.05,-96.9,442.367,,,finHit
821,3,-6.3,6.05,-96.9,447.833,,,finHit
822,40,133.0,1.0,1.0,-220.0,0.0,0.0,3.0
823,1,6.3,6.05,-187.3,114.732,,,finHit
824,2,6.3,6.05,-134.8,292.786,,,finHit
825,4,-6.3,6.05,-13.2,73.609,,,finHit
826,41,133.0,1.0,1.0,-220.0,0.0,0.0,4.0
827,1,6.3,6.05,-187.3,110.093,,,finHit
828,2,6.3,-6.05,-134.8,288.324,,,finHit
829,3,6.3,6.05,-96.9,431.843,,,finHit
830,4,-6.3,18.15,-13.2,808.227,,,finHit
831,42,133.0,1.0,1.0,-220.0,0.0,0.0,6.0
832,1,6.3,6.05,-187.3,118.967,,,finHit
833,2,6.3,-6.05,-134.8,291.017,,,finHit
834,4,6.3,-6.05,-13.2,727.295,,,finHit
835,3,-6.3,6.05,-96.9,441.913,,,finHit
836,4,-18.9,-6.05,-13.2,836.244,,,finHit
837,4,-18.9,-18.15,-13.2,86.891,,,finHit
838,43,133.0,1.0,1.0,-220.0,0.0,0.0,4.0
839,1,6.3,6.05,-187.3,114.247,,,finHit
840,2,6.3,6.05,-134.8,292.679,,,finHit
841,3,6.3,6.05,-96.9,424.289,,,finHit
842,4,-6.3,6.05,-13.2,728.953,,,finHit
843,44,133.0,1.0,1.0,-220.0,0.0,0.0,4.0
844,1,6.3,6.05,-187.3,115.067,,,finHit
845,2,6.3,6.05,-134.8,285.008,,,finHit
846,3,6.3,6.05,-96.9,406.166,,,finHit
847,4,6.3,6.05,-13.2,713.041,,,finHit
848,45,133.0,1.0,1.0,-220.0,0.0,0.0,3.0
849,1,6.3,6.05,-187.3,111.137,,,finHit
850,3,6.3,6.05,-96.9,448.441,,,finHit
851,4,31.5,6.05,-13.2,885.318,,,finHit
852,46,133.0,1.0,1.0,-220.0,0.0,0.0,4.0
853,1,6.3,6.05,-187.3,107.098,,,finHit
854,2,6.3,6.05,-134.8,306.355,,,finHit
855,3,6.3,6.05,-96.9,453.957,,,finHit
856,4,18.9,18.15,-13.2,820.442,,,finHit
857,47,133.0,1.0,1.0,-220.0,0.0,0.0,4.0
858,1,6.3,6.05,-187.3,115.924,,,finHit
859,2,-6.3,-6.05,-134.8,291.476,,,finHit
860,3,-6.3,-6.05,-96.9,456.242,,,finHit
861,4,-18.9,-6.05,-13.2,805.074,,,finHit
862,48,133.0,1.0,1.0,-220.0,0.0,0.0,5.0
863,1,6.3,6.05,-187.3,109.544,,,finHit
864,2,6.3,6.05,-134.8,308.657,,,finHit
865,3,6.3,6.05,-96.9,454.022,,,finHit
866,4,31.5,6.05,-13.2,851.469,,,finHit
867,4,6.3,6.05,-13.2,724.046,,,finHit
868,49,133.0,1.0,1.0,-220.0,0.0,0.0,4.0
869,1,6.3,6.05,-187.3,118.345,,,finHit
870,2,6.3,6.05,-134.8,289.528,,,finHit
871,3,6.3,-6.05,-96.9,432.594,,,finHit
872,4,18.9,-6.05,-13.2,798.975,,,finHit
873,50,133.0,1.0,1.0,-220.0,0.0,0.0,4.0
874,1,6.3,6.05,-187.3,111.037,,,finHit
875,2,-6.3,-6.05,-134.8,292.285,,,finHit
876,3,-6.3,-6.05,-96.9,411.647,,,finHit
877,4,-6.3,-6.05,-13.2,700.721,,,finHit
878,51,133.0,1.0,1.0,-220.0,0.0,0.0,4.0
879,1,6.3,6.05,-187.3,112.636,,,finHit
880,2,6.3,6.05,-134.8,292.042,,,finHit
881,3,6.3,6.05,-96.9,426.328,,,finHit
882,4,6.3,6.05,-13.2,722.089,,,finHit
883,52,133.0,1.0,1.0,-220.0,0.0,0.0,2.0
884,1,6.3,6.05,-187.3,111.407,,,finHit
885,3,-6.3,-6.05,-96.9,425.692,,,finHit
886,53,133.0,1.0,1.0,-220.0,0.0,0.0,3.0
887,1,6.3,6.05,-187.3,116.411,,,finHit
888,3,6.3,6.05,-96.9,426.506,,,finHit
889,4,6.3,6.05,-13.2,700.991,,,finHit
890,54,133.0,1.0,1.0,-220.0,0.0,0.0,6.0
891,1,6.3,6.05,-187.3,122.621,,,finHit
892,3,-6.3,-6.05,-96.9,469.466,,,finHit
893,4,-18.9,-18.15,-13.2,858.936,,,finHit
894,3,6.3,-30.25,-96.9,595.765,,,finHit
895,3,-6.3,6.05,-96.9,420.364,,,finHit
896,4,-6.3,18.15,-13.2,77.905,,,finHit
897,55,133.0,1.0,1.0,-220.0,0.0,0.0,3.0
898,1,6.3,6.05,-187.3,117.089,,,finHit
899,3,6.3,-6.05,-96.9,430.878,,,finHit
900,4,18.9,-30.25,-13.2,872.611,,,finHit
901,56,133.0,1.0,1.0,-220.0,0.0,0.0,2.0
902,1,6.3,6.05,-187.3,110.626,,,finHit
903,4,-6.3,6.05,-13.2,710.092,,,finHit
904,57,133.0,1.0,1.0,-220.0,0.0,0.0,3.0
905,1,6.3,6.05,-187.3,108.875,,,finHit
906,3,-6.3,6.05,-96.9,428.868,,,finHit
907,4,-6.3,-6.05,-13.2,740.741,,,finHit
908,58,133.0,1.0,1.0,-220.0,0.0,0.0,3.0
909,1,6.3,6.05,-187.3,113.108,,,finHit
910,3,6.3,6.05,-96.9,441.489,,,finHit
911,4,6.3,-6.05,-13.2,755.869,,,finHit
912,59,133.0,1.0,1.0,-220.0,0.0,0.0,5.0
913,1,6.3,6.05,-187.3,116.455,,,finHit
914,2,6.3,6.05,-134.8,292.008,,,finHit
915,3,6.3,6.05,-96.9,419.735,,,finHit
916,4,6.3,6.05,-13.2,71.146,,,finHit
917,4,18.9,-6.05,-13.2,833.394,,,finHit
918,60,133.0,1.0,1.0,-220.0,0.0,0.0,2.0
919,1,6.3,6.05,-187.3,111.239,,,finHit
920,3,-6.3,6.05,-96.9,456.699,,,finHit
921,61,133.0,1.0,1.0,-220.0,0.0,0.0,3.0
922,1,6.3,6.05,-187.3,119.258,,,finHit
923,2,6.3,-6.05,-134.8,2.92,,,finHit
924,4,-6.3,6.05,-13.2,717.488,,,finHit
925,62,133.0,1.0,1.0,-220.0,0.0,0.0,2.0
926,1,6.3,6.05,-187.3,115.362,,,finHit
927,4,6.3,-6.05,-13.2,712.287,,,finHit
928,63,133.0,1.0,1.0,-220.0,0.0,0.0,4.0
929,1,6.3,6.05,-187.3,108.322,,,finHit
930,2,6.3,6.05,-134.8,313.096,,,finHit
931,3,6.3,6.05,-96.9,4.316,,,finHit
932,4,-6.3,-30.25,-13.2,860.167,,,finHit
933,64,133.0,1.0,1.0,-220.0,0.0,0.0,2.0
934,1,6.3,6.05,-187.3,11.425,,,finHit
935,4,-6.3,-18.15,-13.2,779.963,,,finHit
936,65,133.0,1.0,1.0,-220.0,0.0,0.0,5.0
937,1,6.3,6.05,-187.3,114.501,,,finHit
938,2,-6.3,-6.05,-134.8,303.788,,,finHit
939,3,-6.3,6.05,-96.9,467.987,,,finHit
940,4,-18.9,6.05,-13.2,782.337,,,finHit
941,4,6.3,-30.25,-13.2,864.924,,,finHit
942,66,133.0,1.0,1.0,-220.0,0.0,0.0,4.0
943,1,6.3,6.05,-187.3,119.922,,,finHit
944,2,6.3,6.05,-134.8,292.219,,,finHit
945,3,6.3,6.05,-96.9,424.205,,,finHit
946,4,6.3,-6.05,-13.2,695.321,,,finHit
947,67,133.0,1.0,1.0,-220.0,0.0,0.0,4.0
948,1,6.3,6.05,-187.3,115.736,,,finHit
949,2,-6.3,6.05,-134.8,294.663,,,finHit
950,3,-6.3,6.05,-96.9,427.998,,,finHit
951,4,-6.3,6.05,-13.2,714.248,,,finHit
952,68,133.0,1.0,1.0,-220.0,0.0,0.0,3.0
953,1,6.3,6.05,-187.3,11.012,,,finHit
954,2,6.3,6.05,-134.8,294.795,,,finHit
955,3,6.3,6.05,-96.9,435.511,,,finHit
956,69,133.0,1.0,1.0,-220.0,0.0,0.0,4.0
957,1,6.3,6.05,-187.3,108.311,,,finHit
958,2,6.3,6.05,-134.8,305.742,,,finHit
959,3,6.3,6.05,-96.9,441.168,,,finHit
960,4,6.3,6.05,-13.2,732.314,,,finHit
961,70,133.0,1.0,1.0,-220.0,0.0,0.0,2.0
962,1,6.3,6.05,-187.3,114.625,,,finHit
963,4,6.3,6.05,-13.2,693.786,,,finHit
964,71,133.0,1.0,1.0,-220.0,0.0,0.0,4.0
965,1,6.3,6.05,-187.3,113.244,,,finHit
966,2,6.3,6.05,-134.8,290.523,,,finHit
967,3,6.3,6.05,-96.9,435.416,,,finHit
968,4,-6.3,6.05,-13.2,735.418,,,finHit
969,72,133.0,1.0,1.0,-220.0,0.0,0.0,4.0
970,1,6.3,6.05,-187.3,112.202,,,finHit
971,2,6.3,-6.05,-134.8,293.443,,,finHit
972,3,6.3,-6.05,-96.9,429.591,,,finHit
973,2,6.3,6.05,-134.8,285.608,,,finHit
974,73,133.0,1.0,1.0,-220.0,0.0,0.0,3.0
975,1,6.3,6.05,-187.3,107.694,,,finHit
976,2,6.3,6.05,-134.8,29.693,,,finHit
977,4,-6.3,-18.15,-13.2,796.477,,,finHit
978,74,133.0,1.0,1.0,-220.0,0.0,0.0,3.0
979,1,6.3,6.05,-187.3,11.084,,,finHit
980,2,-6.3,6.05,-134.8,288.136,,,finHit
981,4,6.3,6.05,-13.2,722.052,,,finHit
982,75,133.0,1.0,1.0,-220.0,0.0,0.0,4.0
983,1,6.3,6.05,-187.3,117.075,,,finHit
984,2,6.3,-6.05,-134.8,297.649,,,finHit
985,3,6.3,-6.05,-96.9,428.815,,,finHit
986,4,18.9,-6.05,-13.2,797.994,,,finHit
987,76,133.0,1.0,1.0,-220.0,0.0,0.0,3.0
988,1,6.3,6.05,-187.3,116.749,,,finHit
989,3,6.3,-6.05,-96.9,46.304,,,finHit
990,4,31.5,6.05,-13.2,897.498,,,finHit
991,77,133.0,1.0,1.0,-220.0,0.0,0.0,4.0
992,1,6.3,6.05,-187.3,109.825,,,finHit
993,2,6.3,6.05,-134.8,300.839,,,finHit
994,3,6.3,-6.05,-96.9,428.677,,,finHit
995,4,6.3,-6.05,-13.2,729.778,,,finHit
996,78,133.0,1.0,1.0,-220.0,0.0,0.0,4.0
997,1,6.3,6.05,-187.3,112.412,,,finHit
998,2,-6.3,6.05,-134.8,291.575,,,finHit
999,3,-6.3,6.05,-96.9,438.117,,,finHit
1000,4,-18.9,-6.05,-13.2,769.694,,,finHit
1001,79,133.0,1.0,1.0,-220.0,0.0,0.0,4.0
1002,1,6.3,6.05,-187.3,114.432,,,finHit
1003,2,6.3,6.05,-134.8,306.526,,,finHit
1004,3,18.9,6.05,-96.9,487.903,,,finHit
1005,4,18.9,6.05,-13.2,825.468,,,finHit
1006,80,133.0,1.0,1.0,-220.0,0.0,0.0,3.0
1007,1,6.3,6.05,-187.3,112.805,,,finHit
1008,3,-6.3,-6.05,-96.9,458.002,,,finHit
1009,4,-6.3,-18.15,-13.2,788.391,,,finHit
1010,81,133.0,1.0,1.0,-220.0,0.0,0.0,3.0
1011,1,6.3,6.05,-187.3,109.935,,,finHit
1012,2,6.3,6.05,-134.8,298.161,,,finHit
1013,3,6.3,6.05,-96.9,427.667,,,finHit
1014,82,133.0,1.0,1.0,-220.0,0.0,0.0,3.0
1015,1,6.3,6.05,-187.3,112.732,,,finHit
1016,2,-18.9,6.05,-134.8,379.972,,,finHit
1017,3,-31.5,6.05,-96.9,589.566,,,finHit
1018,83,133.0,1.0,1.0,-220.0,0.0,0.0,4.0
1019,1,6.3,6.05,-187.3,114.202,,,finHit
1020,2,-6.3,-6.05,-134.8,292.797,,,finHit
1021,3,-6.3,-6.05,-96.9,454.632,,,finHit
1022,4,-18.9,-6.05,-13.2,757.213,,,finHit
1023,84,133.0,1.0,1.0,-220.0,0.0,0.0,4.0
1024,1,6.3,6.05,-187.3,113.084,,,finHit
1025,2,6.3,6.05,-134.8,29.148,,,finHit
1026,3,6.3,6.05,-96.9,428.755,,,finHit
1027,4,6.3,6.05,-13.2,745.187,,,finHit
1028,85,133.0,1.0,1.0,-220.0,0.0,0.0,2.0
1029,1,6.3,6.05,-187.3,115.209,,,finHit
1030,4,-6.3,6.05,-13.2,750.024,,,finHit
1031,86,133.0,1.0,1.0,-220.0,0.0,0.0,4.0
1032,1,6.3,6.05,-187.3,112.321,,,finHit
1033,2,6.3,6.05,-134.8,289.108,,,finHit
1034,3,6.3,6.05,-96.9,427.469,,,finHit
1035,4,-6.3,6.05,-13.2,719.794,,,finHit
1036,87,133.0,1.0,1.0,-220.0,0.0,0.0,4.0
1037,1,6.3,6.05,-187.3,111.639,,,finHit
1038,2,6.3,-6.05,-134.8,302.825,,,finHit
1039,3,-6.3,-6.05,-96.9,435.682,,,finHit
1040,4,-18.9,-6.05,-13.2,775.143,,,finHit
1041,88,133.0,1.0,1.0,-220.0,0.0,0.0,3.0
1042,1,6.3,6.05,-187.3,113.143,,,finHit
1043,2,-6.3,6.05,-134.8,284.851,,,finHit
1044,3,6.3,-6.05,-96.9,450.598,,,finHit
1045,89,133.0,1.0,1.0,-220.0,0.0,0.0,3.0
1046,1,6.3,6.05,-187.3,117.443,,,finHit
1047,3,6.3,18.15,-96.9,517.549,,,finHit
1048,4,6.3,42.35,-13.2,940.184,,,finHit
1049,90,133.0,1.0,1.0,-220.0,0.0,0.0,3.0
1050,1,6.3,6.05,-187.3,107.792,,,finHit
1051,3,6.3,-6.05,-96.9,433.543,,,finHit
1052,4,18.9,6.05,-13.2,810.745,,,finHit
1053,91,133.0,1.0,1.0,-220.0,0.0,0.0,3.0
1054,1,6.3,6.05,-187.3,113.196,,,finHit
1055,3,6.3,-18.15,-96.9,503.121,,,finHit
1056,4,18.9,-42.35,-13.2,966.963,,,finHit
1057,92,133.0,1.0,1.0,-220.0,0.0,0.0,5.0
1058,1,6.3,6.05,-187.3,110.224,,,finHit
1059,2,6.3,6.05,-134.8,304.278,,,finHit
1060,3,6.3,6.05,-96.9,448.057,,,finHit
1061,4,6.3,18.15,-13.2,779.994,,,finHit
1062,3,-6.3,18.15,-96.9,51.676,,,finHit
1063,93,133.0,1.0,1.0,-220.0,0.0,0.0,3.0
1064,1,6.3,6.05,-187.3,114.236,,,finHit
1065,3,6.3,-6.05,-96.9,451.137,,,finHit
1066,4,18.9,-18.15,-13.2,825.546,,,finHit
1067,94,133.0,1.0,1.0,-220.0,0.0,0.0,3.0
1068,1,6.3,6.05,-187.3,11.473,,,finHit
1069,2,6.3,6.05,-134.8,302.059,,,finHit
1070,3,6.3,6.05,-96.9,438.476,,,finHit
1071,95,133.0,1.0,1.0,-220.0,0.0,0.0,4.0
1072,1,6.3,6.05,-187.3,115.918,,,finHit
1073,2,-6.3,6.05,-134.8,29.039,,,finHit
1074,3,-6.3,6.05,-96.9,419.854,,,finHit
1075,4,-6.3,6.05,-13.2,740.107,,,finHit
1076,96,133.0,1.0,1.0,-220.0,0.0,0.0,4.0
1077,1,6.3,6.05,-187.3,111.053,,,finHit
1078,2,6.3,6.05,-134.8,302.089,,,finHit
1079,3,-6.3,6.05,-96.9,44.121,,,finHit
1080,4,6.3,6.05,-13.2,760.381,,,finHit
1081,97,133.0,1.0,1.0,-220.0,0.0,0.0,3.0
1082,1,6.3,6.05,-187.3,113.972,,,finHit
1083,2,-6.3,-6.05,-134.8,327.544,,,finHit
1084,3,-18.9,-6.05,-96.9,496.519,,,finHit
1085,98,133.0,1.0,1.0,-220.0,0.0,0.0,5.0
1086,1,6.3,6.05,-187.3,0.991923,,,finHit
1087,2,-6.3,6.05,-134.8,296.834,,,finHit
1088,3,-6.3,6.05,-96.9,427.889,,,finHit
1089,4,-6.3,6.05,-13.2,731.548,,,finHit
1090,2,-6.3,-18.15,-134.8,368.804,,,finHit
1091,99,133.0,1.0,1.0,-220.0,0.0,0.0,4.0
1092,1,6.3,6.05,-187.3,114.946,,,finHit
1093,2,6.3,6.05,-134.8,30.243,,,finHit
1094,3,6.3,6.05,-96.9,454.804,,,finHit
1095,4,6.3,6.05,-13.2,75.129,,,finHit
1096,100,133.0,1.0,1.0,-220.0,0.0,0.0,4.0
1097,1,6.3,6.05,-187.3,108.067,,,finHit
1098,2,-6.3,-6.05,-134.8,304.794,,,finHit
1099,3,-6.3,-6.05,-96.9,439.277,,,finHit
1100,4,-6.3,-6.05,-13.2,737.725,,,finHit
1101,1;178;1;1;-220;0;0;3,,,,,,,finHit
1102,1;6.3;6.05;-187.3;11.942;;;,,,,,,,finHit
1103,2;6.3;6.05;-134.8;283.014;;;,,,,,,,finHit
1104,4;-6.3;6.05;-13.2;695.892;;;,,,,,,,finHit
1105,2;178;1;1;-220;0;0;4,,,,,,,finHit
1106,1;6.3;6.05;-187.3;10.677;;;,,,,,,,finHit
1107,2;6.3;6.05;-134.8;289.134;;;,,,,,,,finHit
1108,3;6.3;6.05;-96.9;428.646;;;,,,,,,,finHit
1109,4;6.3;-6.05;-13.2;728.426;;;,,,,,,,finHit
1110,3;178;1;1;-220;0;0;4,,,,,,,finHit
1111,1;6.3;6.05;-187.3;10.783;;;,,,,,,,finHit
1112,2;6.3;6.05;-134.8;285.574;;;,,,,,,,finHit
1113,3;6.3;6.05;-96.9;42.308;;;,,,,,,,finHit
1114,4;6.3;6.05;-13.2;732.323;;;,,,,,,,finHit
1115,4;178;1;1;-220;0;0;3,,,,,,,finHit
1116,1;6.3;6.05;-187.3;114.971;;;,,,,,,,finHit
1117,3;-6.3;6.05;-96.9;409.885;;;,,,,,,,finHit
1118,4;-6.3;-6.05;-13.2;722.264;;;,,,,,,,finHit
1119,5;178;1;1;-220;0;0;2,,,,,,,finHit
1120,1;6.3;6.05;-187.3;110.099;;;,,,,,,,finHit
1121,2;-6.3;6.05;-134.8;287.913;;;,,,,,,,finHit
1122,6;178;1;1;-220;0;0;6,,,,,,,finHit
1123,1;6.3;6.05;-187.3;113.775;;;,,,,,,,finHit
1124,2;6.3;-6.05;-134.8;303.987;;;,,,,,,,finHit
1125,3;6.3;-6.05;-96.9;466.149;;;,,,,,,,finHit
1126,4;31.5;-6.05;-13.2;84.039;;;,,,,,,,finHit
1127,4;-6.3;6.05;-13.2;726.563;;;,,,,,,,finHit
1128,4;18.9;-6.05;-13.2;791.541;;;,,,,,,,finHit
1129,7;178;1;1;-220;0;0;4,,,,,,,finHit
1130,1;6.3;6.05;-187.3;113.692;;;,,,,,,,finHit
1131,2;-6.3;6.05;-134.8;284.236;;;,,,,,,,finHit
1132,3;-6.3;6.05;-96.9;422.795;;;,,,,,,,finHit
1133,4;6.3;6.05;-13.2;737.754;;;,,,,,,,finHit
1134,8;178;1;1;-220;0;0;3,,,,,,,finHit
1135,1;6.3;6.05;-187.3;113.665;;;,,,,,,,finHit
1136,2;-6.3;6.05;-134.8;288.108;;;,,,,,,,finHit
1137,3;-6.3;6.05;-96.9;416.077;;;,,,,,,,finHit
1138,9;178;1;1;-220;0;0;3,,,,,,,finHit
1139,1;6.3;6.05;-187.3;114.402;;;,,,,,,,finHit
1140,2;6.3;6.05;-134.8;29.368;;;,,,,,,,finHit
1141,3;6.3;6.05;-96.9;418.617;;;,,,,,,,finHit
1142,10;178;1;1;-220;0;0;4,,,,,,,finHit
1143,1;6.3;6.05;-187.3;114.569;;;,,,,,,,finHit
1144,2;6.3;6.05;-134.8;292.634;;;,,,,,,,finHit
1145,3;6.3;6.05;-96.9;444.859;;;,,,,,,,finHit
1146,4;6.3;18.15;-13.2;765.231;;;,,,,,,,finHit
1147,11;178;1;1;-220;0;0;3,,,,,,,finHit
1148,1;6.3;6.05;-187.3;107.863;;;,,,,,,,finHit
1149,2;6.3;6.05;-134.8;29.006;;;,,,,,,,finHit
1150,4;6.3;6.05;-13.2;696.958;;;,,,,,,,finHit
1151,12;178;1;1;-220;0;0;4,,,,,,,finHit
1152,1;6.3;6.05;-187.3;115.316;;;,,,,,,,finHit
1153,2;-6.3;6.05;-134.8;28.932;;;,,,,,,,finHit
1154,3;-6.3;6.05;-96.9;417.545;;;,,,,,,,finHit
1155,4;-6.3;6.05;-13.2;702.705;;;,,,,,,,finHit
1156,13;178;1;1;-220;0;0;3,,,,,,,finHit
1157,1;6.3;6.05;-187.3;110.328;;;,,,,,,,finHit
1158,3;-6.3;-6.05;-96.9;426.249;;;,,,,,,,finHit
1159,4;31.5;18.15;-13.2;871.214;;;,,,,,,,finHit
1160,14;178;1;1;-220;0;0;2,,,,,,,finHit
1161,1;6.3;6.05;-187.3;113.883;;;,,,,,,,finHit
1162,2;6.3;6.05;-134.8;296.318;;;,,,,,,,finHit
1163,15;178;1;1;-220;0;0;3,,,,,,,finHit
1164,1;6.3;6.05;-187.3;113.203;;;,,,,,,,finHit
1165,3;-6.3;6.05;-96.9;4.233;;;,,,,,,,finHit
1166,4;-6.3;6.05;-13.2;754.054;;;,,,,,,,finHit
1167,16;178;1;1;-220;0;0;3,,,,,,,finHit
1168,1;6.3;6.05;-187.3;111.136;;;,,,,,,,finHit
1169,2;6.3;6.05;-134.8;295.597;;;,,,,,,,finHit
1170,4;18.9;-6.05;-13.2;770.365;;;,,,,,,,finHit
1171,17;178;1;1;-220;0;0;4,,,,,,,finHit
1172,1;6.3;6.05;-187.3;109.883;;;,,,,,,,finHit
1173,4;-6.3;6.05;-13.2;751.017;;;,,,,,,,finHit
1174,3;6.3;6.05;-96.9;409.087;;;,,,,,,,finHit
1175,4;6.3;6.05;-13.2;7.51;;;,,,,,,,finHit
1176,18;178;1;1;-220;0;0;4,,,,,,,finHit
1177,1;6.3;6.05;-187.3;115.647;;;,,,,,,,finHit
1178,2;6.3;6.05;-134.8;288.136;;;,,,,,,,finHit
1179,3;6.3;6.05;-96.9;435.732;;;,,,,,,,finHit
1180,4;-6.3;6.05;-13.2;723.063;;;,,,,,,,finHit
1181,19;178;1;1;-220;0;0;3,,,,,,,finHit
1182,1;6.3;6.05;-187.3;113.811;;;,,,,,,,finHit
1183,3;6.3;6.05;-96.9;437.904;;;,,,,,,,finHit
1184,4;6.3;6.05;-13.2;731.003;;;,,,,,,,finHit
1185,20;178;1;1;-220;0;0;2,,,,,,,finHit
1186,1;6.3;6.05;-187.3;108.012;;;,,,,,,,finHit
1187,2;6.3;-6.05;-134.8;307.782;;;,,,,,,,finHit
1188,21;178;1;1;-220;0;0;2,,,,,,,finHit
1189,1;6.3;6.05;-187.3;110.894;;;,,,,,,,finHit
1190,4;-6.3;-6.05;-13.2;732.236;;;,,,,,,,finHit
1191,22;178;1;1;-220;0;0;4,,,,,,,finHit
1192,1;6.3;6.05;-187.3;108.506;;;,,,,,,,finHit
1193,2;6.3;6.05;-134.8;310.613;;;,,,,,,,finHit
1194,3;6.3;6.05;-96.9;448.915;;;,,,,,,,finHit
1195,4;18.9;6.05;-13.2;769.105;;;,,,,,,,finHit
1196,23;178;1;1;-220;0;0;4,,,,,,,finHit
1197,1;6.3;6.05;-187.3;112.525;;;,,,,,,,finHit
1198,2;6.3;6.05;-134.8;293.245;;;,,,,,,,finHit
1199,3;6.3;6.05;-96.9;430.961;;;,,,,,,,finHit
1200,4;18.9;42.35;-13.2;9.91;;;,,,,,,,finHit
1201,24;178;1;1;-220;0;0;3,,,,,,,finHit
1202,1;6.3;6.05;-187.3;109.633;;;,,,,,,,finHit
1203,3;6.3;-6.05;-96.9;421.058;;;,,,,,,,finHit
1204,4;6.3;-6.05;-13.2;721.835;;;,,,,,,,finHit
1205,25;178;1;1;-220;0;0;4,,,,,,,finHit
1206,1;6.3;6.05;-187.3;113.574;;;,,,,,,,finHit
1207,2;6.3;6.05;-134.8;297.906;;;,,,,,,,finHit
1208,3;6.3;6.05;-96.9;448.921;;;,,,,,,,finHit
1209,4;6.3;18.15;-13.2;776.718;;;,,,,,,,finHit
1210,26;178;1;1;-220;0;0;2,,,,,,,finHit
1211,1;6.3;6.05;-187.3;11.278;;;,,,,,,,finHit
1212,4;-6.3;18.15;-13.2;783.117;;;,,,,,,,finHit
1213,27;178;1;1;-220;0;0;4,,,,,,,finHit
1214,1;6.3;6.05;-187.3;106.904;;;,,,,,,,finHit
1215,2;6.3;6.05;-134.8;292.301;;;,,,,,,,finHit
1216,3;6.3;6.05;-96.9;428.106;;;,,,,,,,finHit
1217,4;6.3;6.05;-13.2;746.553;;;,,,,,,,finHit
1218,28;178;1;1;-220;0;0;2,,,,,,,finHit
1219,1;6.3;6.05;-187.3;11.196;;;,,,,,,,finHit
1220,4;6.3;-6.05;-13.2;733.119;;;,,,,,,,finHit
1221,29;178;1;1;-220;0;0;4,,,,,,,finHit
1222,1;6.3;6.05;-187.3;111.271;;;,,,,,,,finHit
1223,2;6.3;-6.05;-134.8;3.002;;;,,,,,,,finHit
1224,3;6.3;-6.05;-96.9;436.534;;;,,,,,,,finHit
1225,4;6.3;-18.15;-13.2;778.514;;;,,,,,,,finHit
1226,30;178;1;1;-220;0;0;3,,,,,,,finHit
1227,1;6.3;6.05;-187.3;110.481;;;,,,,,,,finHit
1228,3;-6.3;6.05;-96.9;436.019;;;,,,,,,,finHit
1229,4;-6.3;6.05;-13.2;758.789;;;,,,,,,,finHit
1230,31;178;1;1;-220;0;0;3,,,,,,,finHit
1231,1;6.3;6.05;-187.3;104.813;;;,,,,,,,finHit
1232,2;6.3;6.05;-134.8;294.567;;;,,,,,,,finHit
1233,3;6.3;6.05;-96.9;42.443;;;,,,,,,,finHit
1234,32;178;1;1;-220;0;0;4,,,,,,,finHit
1235,1;6.3;6.05;-187.3;112.746;;;,,,,,,,finHit
1236,2;6.3;-6.05;-134.8;312.241;;;,,,,,,,finHit
1237,3;6.3;-6.05;-96.9;492.414;;;,,,,,,,finHit
1238,4;18.9;-30.25;-13.2;898.322;;;,,,,,,,finHit
1239,33;178;1;1;-220;0;0;3,,,,,,,finHit
1240,1;6.3;6.05;-187.3;107.016;;;,,,,,,,finHit
1241,3;-6.3;-6.05;-96.9;42.017;;;,,,,,,,finHit
1242,4;-6.3;-6.05;-13.2;708.518;;;,,,,,,,finHit
1243,34;178;1;1;-220;0;0;1,,,,,,,finHit
1244,1;6.3;6.05;-187.3;108.106;;;,,,,,,,finHit
1245,35;178;1;1;-220;0;0;4,,,,,,,finHit
1246,1;6.3;6.05;-187.3;110.777;;;,,,,,,,finHit
1247,2;6.3;6.05;-134.8;293.439;;;,,,,,,,finHit
1248,3;6.3;6.05;-96.9;437.128;;;,,,,,,,finHit
1249,4;6.3;6.05;-13.2;736.093;;;,,,,,,,finHit
1250,36;178;1;1;-220;0;0;6,,,,,,,finHit
1251,1;6.3;6.05;-187.3;106.255;;;,,,,,,,finHit
1252,2;6.3;-6.05;-134.8;293.563;;;,,,,,,,finHit
1253,3;6.3;-6.05;-96.9;432.213;;;,,,,,,,finHit
1254,4;6.3;-18.15;-13.2;794.835;;;,,,,,,,finHit
1255,3;-6.3;-6.05;-96.9;425.659;;;,,,,,,,finHit
1256,4;44.1;30.25;-13.2;101.298;;;,,,,,,,finHit
1257,37;178;1;1;-220;0;0;3,,,,,,,finHit
1258,1;6.3;6.05;-187.3;114.612;;;,,,,,,,finHit
1259,2;6.3;6.05;-134.8;294.699;;;,,,,,,,finHit
1260,3;6.3;6.05;-96.9;420.509;;;,,,,,,,finHit
1261,38;178;1;1;-220;0;0;3,,,,,,,finHit
1262,1;6.3;6.05;-187.3;109.373;;;,,,,,,,finHit
1263,3;-6.3;-6.05;-96.9;416.501;;;,,,,,,,finHit
1264,4;-6.3;-6.05;-13.2;721.925;;;,,,,,,,finHit
1265,39;178;1;1;-220;0;0;2,,,,,,,finHit
1266,1;6.3;6.05;-187.3;113.719;;;,,,,,,,finHit
1267,4;6.3;-6.05;-13.2;70.803;;;,,,,,,,finHit
1268,40;178;1;1;-220;0;0;3,,,,,,,finHit
1269,1;6.3;6.05;-187.3;113.199;;;,,,,,,,finHit
1270,3;-6.3;18.15;-96.9;536.344;;;,,,,,,,finHit
1271,4;-6.3;42.35;-13.2;954.238;;;,,,,,,,finHit
1272,41;178;1;1;-220;0;0;4,,,,,,,finHit
1273,1;6.3;6.05;-187.3;108.733;;;,,,,,,,finHit
1274,2;6.3;6.05;-134.8;302.237;;;,,,,,,,finHit
1275,3;6.3;6.05;-96.9;44.021;;;,,,,,,,finHit
1276,4;6.3;6.05;-13.2;741.801;;;,,,,,,,finHit
1277,42;178;1;1;-220;0;0;4,,,,,,,finHit
1278,1;6.3;6.05;-187.3;106.127;;;,,,,,,,finHit
1279,2;6.3;6.05;-134.8;298.981;;;,,,,,,,finHit
1280,3;6.3;6.05;-96.9;427.381;;;,,,,,,,finHit
1281,4;6.3;6.05;-13.2;692.832;;;,,,,,,,finHit
1282,43;178;1;1;-220;0;0;4,,,,,,,finHit
1283,1;6.3;6.05;-187.3;110.963;;;,,,,,,,finHit
1284,2;6.3;6.05;-134.8;286.158;;;,,,,,,,finHit
1285,3;6.3;6.05;-96.9;439.817;;;,,,,,,,finHit
1286,4;18.9;6.05;-13.2;761.873;;;,,,,,,,finHit
1287,44;178;1;1;-220;0;0;4,,,,,,,finHit
1288,1;6.3;6.05;-187.3;107.991;;;,,,,,,,finHit
1289,3;-6.3;6.05;-96.9;429.588;;;,,,,,,,finHit
1290,4;-6.3;6.05;-13.2;738.963;;;,,,,,,,finHit
1291,2;18.9;6.05;-134.8;393.679;;;,,,,,,,finHit
1292,45;178;1;1;-220;0;0;3,,,,,,,finHit
1293,1;6.3;6.05;-187.3;115.314;;;,,,,,,,finHit
1294,3;6.3;-6.05;-96.9;45.943;;;,,,,,,,finHit
1295,4;6.3;-42.35;-13.2;934.633;;;,,,,,,,finHit
1296,46;178;1;1;-220;0;0;4,,,,,,,finHit
1297,1;6.3;6.05;-187.3;112.547;;;,,,,,,,finHit
1298,2;6.3;-6.05;-134.8;295.207;;;,,,,,,,finHit
1299,3;6.3;-6.05;-96.9;442.471;;;,,,,,,,finHit
1300,4;6.3;-6.05;-13.2;718.359;;;,,,,,,,finHit
1301,47;178;1;1;-220;0;0;2,,,,,,,finHit
1302,1;6.3;6.05;-187.3;105.827;;;,,,,,,,finHit
1303,4;-18.9;6.05;-13.2;801.595;;;,,,,,,,finHit
1304,48;178;1;1;-220;0;0;3,,,,,,,finHit
1305,1;6.3;6.05;-187.3;112.439;;;,,,,,,,finHit
1306,3;-6.3;-6.05;-96.9;421.698;;;,,,,,,,finHit
1307,4;-6.3;-18.15;-13.2;817.604;;;,,,,,,,finHit
1308,49;178;1;1;-220;0;0;4,,,,,,,finHit
1309,1;6.3;6.05;-187.3;108.003;;;,,,,,,,finHit
1310,2;6.3;6.05;-134.8;295.243;;;,,,,,,,finHit
1311,3;6.3;6.05;-96.9;429.676;;;,,,,,,,finHit
1312,4;6.3;6.05;-13.2;727.564;;;,,,,,,,finHit
1313,50;178;1;1;-220;0;0;2,,,,,,,finHit
1314,1;6.3;6.05;-187.3;118.187;;;,,,,,,,finHit
1315,4;6.3;6.05;-13.2;714.742;;;,,,,,,,finHit
1316,51;178;1;1;-220;0;0;2,,,,,,,finHit
1317,1;6.3;6.05;-187.3;114.274;;;,,,,,,,finHit
1318,4;-6.3;-6.05;-13.2;734.883;;;,,,,,,,finHit
1319,52;178;1;1;-220;0;0;1,,,,,,,finHit
1320,1;6.3;6.05;-187.3;112.124;;;,,,,,,,finHit
1321,53;178;1;1;-220;0;0;4,,,,,,,finHit
1322,1;6.3;6.05;-187.3;107.309;;;,,,,,,,finHit
1323,2;6.3;-6.05;-134.8;30.776;;;,,,,,,,finHit
1324,3;6.3;-6.05;-96.9;455.443;;;,,,,,,,finHit
1325,4;18.9;-18.15;-13.2;861.294;;;,,,,,,,finHit
1326,54;178;1;1;-220;0;0;4,,,,,,,finHit
1327,1;6.3;6.05;-187.3;114.734;;;,,,,,,,finHit
1328,2;6.3;6.05;-134.8;298.077;;;,,,,,,,finHit
1329,3;6.3;6.05;-96.9;427.721;;;,,,,,,,finHit
1330,4;6.3;6.05;-13.2;735.827;;;,,,,,,,finHit
1331,55;178;1;1;-220;0;0;2,,,,,,,finHit
1332,1;6.3;6.05;-187.3;113.172;;;,,,,,,,finHit
1333,4;6.3;6.05;-13.2;715.884;;;,,,,,,,finHit
1334,56;178;1;1;-220;0;0;3,,,,,,,finHit
1335,1;6.3;6.05;-187.3;114.318;;;,,,,,,,finHit
1336,3;6.3;6.05;-96.9;440.156;;;,,,,,,,finHit
1337,4;6.3;30.25;-13.2;853.111;;;,,,,,,,finHit
1338,57;178;1;1;-220;0;0;4,,,,,,,finHit
1339,1;6.3;6.05;-187.3;114.113;;;,,,,,,,finHit
1340,2;6.3;6.05;-134.8;317.955;;;,,,,,,,finHit
1341,3;6.3;6.05;-96.9;45.795;;;,,,,,,,finHit
1342,4;6.3;6.05;-13.2;777.651;;;,,,,,,,finHit
1343,58;178;1;1;-220;0;0;2,,,,,,,finHit
1344,1;6.3;6.05;-187.3;11.176;;;,,,,,,,finHit
1345,4;-18.9;6.05;-13.2;795.929;;;,,,,,,,finHit
1346,59;178;1;1;-220;0;0;4,,,,,,,finHit
1347,1;6.3;6.05;-187.3;11.426;;;,,,,,,,finHit
1348,2;6.3;6.05;-134.8;300.563;;;,,,,,,,finHit
1349,3;6.3;6.05;-96.9;436.876;;;,,,,,,,finHit
1350,4;18.9;6.05;-13.2;79.136;;;,,,,,,,finHit
1351,60;178;1;1;-220;0;0;2,,,,,,,finHit
1352,1;6.3;6.05;-187.3;113.067;;;,,,,,,,finHit
1353,2;6.3;6.05;-134.8;290.922;;;,,,,,,,finHit
1354,61;178;1;1;-220;0;0;5,,,,,,,finHit
1355,1;6.3;6.05;-187.3;11.581;;;,,,,,,,finHit
1356,3;6.3;-6.05;-96.9;434.056;;;,,,,,,,finHit
1357,4;6.3;-18.15;-13.2;79.228;;;,,,,,,,finHit
1358,4;-6.3;-6.05;-13.2;709.167;;;,,,,,,,finHit
1359,4;6.3;-6.05;-13.2;727.043;;;,,,,,,,finHit
1360,62;178;1;1;-220;0;0;5,,,,,,,finHit
1361,1;6.3;6.05;-187.3;117.548;;;,,,,,,,finHit
1362,2;-31.5;-6.05;-134.8;484.419;;;,,,,,,,finHit
1363,2;-6.3;-6.05;-134.8;336.443;;;,,,,,,,finHit
1364,3;6.3;6.05;-96.9;435.612;;;,,,,,,,finHit
1365,4;6.3;6.05;-13.2;74.294;;;,,,,,,,finHit
1366,63;178;1;1;-220;0;0;3,,,,,,,finHit
1367,1;6.3;6.05;-187.3;102.613;;;,,,,,,,finHit
1368,2;6.3;6.05;-134.8;295.852;;;,,,,,,,finHit
1369,4;-6.3;6.05;-13.2;750.243;;;,,,,,,,finHit
1370,64;178;1;1;-220;0;0;5,,,,,,,finHit
1371,1;6.3;6.05;-187.3;114.718;;;,,,,,,,finHit
1372,2;6.3;6.05;-134.8;320.862;;;,,,,,,,finHit
1373,3;18.9;18.15;-96.9;533.537;;;,,,,,,,finHit
1374,4;44.1;42.35;-13.2;10.726;;;,,,,,,,finHit
1375,4;6.3;-6.05;-13.2;698.889;;;,,,,,,,finHit
1376,65;178;1;1;-220;0;0;4,,,,,,,finHit
1377,1;6.3;6.05;-187.3;106.602;;;,,,,,,,finHit
1378,2;6.3;6.05;-134.8;302.328;;;,,,,,,,finHit
1379,3;6.3;6.05;-96.9;431.206;;;,,,,,,,finHit
1380,4;6.3;6.05;-13.2;731.664;;;,,,,,,,finHit
1381,66;178;1;1;-220;0;0;2,,,,,,,finHit
1382,1;6.3;6.05;-187.3;109.064;;;,,,,,,,finHit
1383,4;6.3;6.05;-13.2;739.219;;;,,,,,,,finHit
1384,67;178;1;1;-220;0;0;4,,,,,,,finHit
1385,1;6.3;6.05;-187.3;111.017;;;,,,,,,,finHit
1386,2;6.3;6.05;-134.8;303.094;;;,,,,,,,finHit
1387,3;6.3;6.05;-96.9;445.634;;;,,,,,,,finHit
1388,4;6.3;18.15;-13.2;773.561;;;,,,,,,,finHit
1389,68;178;1;1;-220;0;0;3,,,,,,,finHit
1390,1;6.3;6.05;-187.3;10.963;;;,,,,,,,finHit
1391,3;6.3;6.05;-96.9;434.827;;;,,,,,,,finHit
1392,4;6.3;18.15;-13.2;788.381;;;,,,,,,,finHit
1393,69;178;1;1;-220;0;0;4,,,,,,,finHit
1394,1;6.3;6.05;-187.3;106.485;;;,,,,,,,finHit
1395,2;6.3;6.05;-134.8;293.987;;;,,,,,,,finHit
1396,3;6.3;6.05;-96.9;430.894;;;,,,,,,,finHit
1397,4;6.3;6.05;-13.2;74.311;;;,,,,,,,finHit
1398,70;178;1;1;-220;0;0;3,,,,,,,finHit
1399,1;6.3;6.05;-187.3;113.444;;;,,,,,,,finHit
1400,2;6.3;6.05;-134.8;290.578;;;,,,,,,,finHit
1401,3;6.3;6.05;-96.9;42.174;;;,,,,,,,finHit
1402,71;178;1;1;-220;0;0;4,,,,,,,finHit
1403,1;6.3;6.05;-187.3;115.685;;;,,,,,,,finHit
1404,2;6.3;6.05;-134.8;307.101;;;,,,,,,,finHit
1405,3;6.3;6.05;-96.9;43.961;;;,,,,,,,finHit
1406,4;6.3;6.05;-13.2;737.526;;;,,,,,,,finHit
1407,72;178;1;1;-220;0;0;3,,,,,,,finHit
1408,1;6.3;6.05;-187.3;109.526;;;,,,,,,,finHit
1409,2;6.3;6.05;-134.8;302.205;;;,,,,,,,finHit
1410,3;6.3;6.05;-96.9;423.509;;;,,,,,,,finHit
1411,73;178;1;1;-220;0;0;3,,,,,,,finHit
1412,1;6.3;6.05;-187.3;113.837;;;,,,,,,,finHit
1413,2;6.3;6.05;-134.8;305.707;;;,,,,,,,finHit
1414,3;6.3;6.05;-96.9;446.959;;;,,,,,,,finHit
1415,74;178;1;1;-220;0;0;4,,,,,,,finHit
1416,1;6.3;6.05;-187.3;101.264;;;,,,,,,,finHit
1417,2;6.3;-6.05;-134.8;287.622;;;,,,,,,,finHit
1418,3;6.3;-6.05;-96.9;415.701;;;,,,,,,,finHit
1419,4;-6.3;-6.05;-13.2;730.378;;;,,,,,,,finHit
1420,75;178;1;1;-220;0;0;3,,,,,,,finHit
1421,1;6.3;6.05;-187.3;120.945;;;,,,,,,,finHit
1422,3;-6.3;6.05;-96.9;428.981;;;,,,,,,,finHit
1423,4;-6.3;6.05;-13.2;738.196;;;,,,,,,,finHit
1424,76;178;1;1;-220;0;0;3,,,,,,,finHit
1425,1;6.3;6.05;-187.3;109.364;;;,,,,,,,finHit
1426,2;6.3;6.05;-134.8;284.361;;;,,,,,,,finHit
1427,3;-6.3;6.05;-96.9;436.883;;;,,,,,,,finHit
1428,77;178;1;1;-220;0;0;3,,,,,,,finHit
1429,1;6.3;6.05;-187.3;112.748;;;,,,,,,,finHit
1430,2;6.3;6.05;-134.8;28.606;;;,,,,,,,finHit
1431,4;-6.3;-6.05;-13.2;726.612;;;,,,,,,,finHit
1432,78;178;1;1;-220;0;0;4,,,,,,,finHit
1433,1;6.3;6.05;-187.3;117.228;;;,,,,,,,finHit
1434,2;-6.3;-6.05;-134.8;283.166;;;,,,,,,,finHit
1435,3;-6.3;-6.05;-96.9;439.531;;;,,,,,,,finHit
1436,4;-6.3;-6.05;-13.2;756.599;;;,,,,,,,finHit
1437,79;178;1;1;-220;0;0;3,,,,,,,finHit
1438,1;6.3;6.05;-187.3;103.204;;;,,,,,,,finHit
1439,4;-6.3;6.05;-13.2;712.019;;;,,,,,,,finHit
1440,4;6.3;-6.05;-13.2;761.299;;;,,,,,,,finHit
1441,80;178;1;1;-220;0;0;2,,,,,,,finHit
1442,1;6.3;6.05;-187.3;114.828;;;,,,,,,,finHit
1443,4;-6.3;-6.05;-13.2;720.783;;;,,,,,,,finHit
1444,81;178;1;1;-220;0;0;4,,,,,,,finHit
1445,1;6.3;6.05;-187.3;107.801;;;,,,,,,,finHit
1446,2;-6.3;6.05;-134.8;300.183;;;,,,,,,,finHit
1447,3;-6.3;6.05;-96.9;433.506;;;,,,,,,,finHit
1448,4;-6.3;6.05;-13.2;756.906;;;,,,,,,,finHit
1449,82;178;1;1;-220;0;0;4,,,,,,,finHit
1450,1;6.3;6.05;-187.3;106.101;;;,,,,,,,finHit
1451,2;6.3;6.05;-134.8;284.188;;;,,,,,,,finHit
1452,3;6.3;6.05;-96.9;411.529;;;,,,,,,,finHit
1453,4;-6.3;6.05;-13.2;737.801;;;,,,,,,,finHit
1454,83;178;1;1;-220;0;0;4,,,,,,,finHit
1455,1;6.3;6.05;-187.3;112.769;;;,,,,,,,finHit
1456,2;6.3;-6.05;-134.8;29.242;;;,,,,,,,finHit
1457,3;6.3;-6.05;-96.9;432.368;;;,,,,,,,finHit
1458,4;6.3;-6.05;-13.2;727.966;;;,,,,,,,finHit
1459,84;178;1;1;-220;0;0;2,,,,,,,finHit
1460,1;6.3;6.05;-187.3;115.704;;;,,,,,,,finHit
1461,4;-6.3;30.25;-13.2;876.963;;;,,,,,,,finHit
1462,85;178;1;1;-220;0;0;3,,,,,,,finHit
1463,1;6.3;6.05;-187.3;117.853;;;,,,,,,,finHit
1464,2;6.3;6.05;-134.8;285.289;;;,,,,,,,finHit
1465,4;18.9;-6.05;-13.2;758.655;;;,,,,,,,finHit
1466,86;178;1;1;-220;0;0;4,,,,,,,finHit
1467,1;6.3;6.05;-187.3;11.273;;;,,,,,,,finHit
1468,2;6.3;6.05;-134.8;291.051;;;,,,,,,,finHit
1469,3;6.3;6.05;-96.9;423.127;;;,,,,,,,finHit
1470,4;6.3;-6.05;-13.2;747.258;;;,,,,,,,finHit
1471,87;178;1;1;-220;0;0;3,,,,,,,finHit
1472,1;6.3;6.05;-187.3;109.607;;;,,,,,,,finHit
1473,2;6.3;-6.05;-134.8;282.601;;;,,,,,,,finHit
1474,3;-6.3;-6.05;-96.9;421.794;;;,,,,,,,finHit
1475,88;178;1;1;-220;0;0;4,,,,,,,finHit
1476,1;6.3;6.05;-187.3;108.056;;;,,,,,,,finHit
1477,2;6.3;6.05;-134.8;290.195;;;,,,,,,,finHit
1478,3;6.3;-6.05;-96.9;424.634;;;,,,,,,,finHit
1479,4;6.3;-6.05;-13.2;729.891;;;,,,,,,,finHit
1480,89;178;1;1;-220;0;0;6,,,,,,,finHit
1481,1;6.3;6.05;-187.3;10.754;;;,,,,,,,finHit
1482,2;6.3;-6.05;-134.8;291.562;;;,,,,,,,finHit
1483,3;6.3;-6.05;-96.9;423.076;;;,,,,,,,finHit
1484,4;18.9;-6.05;-13.2;791.775;;;,,,,,,,finHit
1485,2;-6.3;18.15;-134.8;419.406;;;,,,,,,,finHit
1486,2;18.9;-18.15;-134.8;418.695;;;,,,,,,,finHit
1487,90;178;1;1;-220;0;0;4,,,,,,,finHit
1488,1;6.3;6.05;-187.3;113.682;;;,,,,,,,finHit
1489,2;6.3;6.05;-134.8;295.226;;;,,,,,,,finHit
1490,3;6.3;6.05;-96.9;434.012;;;,,,,,,,finHit
1491,4;6.3;6.05;-13.2;737.014;;;,,,,,,,finHit
1492,91;178;1;1;-220;0;0;4,,,,,,,finHit
1493,1;6.3;6.05;-187.3;113.657;;;,,,,,,,finHit
1494,2;6.3;6.05;-134.8;291.015;;;,,,,,,,finHit
1495,3;-6.3;6.05;-96.9;431.086;;;,,,,,,,finHit
1496,4;-6.3;6.05;-13.2;69.966;;;,,,,,,,finHit
1497,92;178;1;1;-220;0;0;4,,,,,,,finHit
1498,1;6.3;6.05;-187.3;111.013;;;,,,,,,,finHit
1499,2;6.3;6.05;-134.8;287.815;;;,,,,,,,finHit
1500,3;-6.3;6.05;-96.9;434.823;;;,,,,,,,finHit
1501,4;6.3;6.05;-13.2;709.251;;;,,,,,,,finHit
1502,93;178;1;1;-220;0;0;2,,,,,,,finHit
1503,1;6.3;6.05;-187.3;112.996;;;,,,,,,,finHit
1504,4;6.3;-6.05;-13.2;739.164;;;,,,,,,,finHit
1505,94;178;1;1;-220;0;0;3,,,,,,,finHit
1506,1;6.3;6.05;-187.3;110.578;;;,,,,,,,finHit
1507,2;-6.3;6.05;-134.8;291.872;;;,,,,,,,finHit
1508,3;-6.3;6.05;-96.9;425.596;;;,,,,,,,finHit
1509,95;178;1;1;-220;0;0;3,,,,,,,finHit
1510,1;6.3;6.05;-187.3;107.872;;;,,,,,,,finHit
1511,2;6.3;6.05;-134.8;28.326;;;,,,,,,,finHit
1512,3;6.3;6.05;-96.9;419.564;;;,,,,,,,finHit
1513,96;178;1;1;-220;0;0;2,,,,,,,finHit
1514,1;6.3;6.05;-187.3;113.289;;;,,,,,,,finHit
1515,4;-6.3;-6.05;-13.2;729.527;;;,,,,,,,finHit
1516,97;178;1;1;-220;0;0;9,,,,,,,finHit
1517,1;6.3;6.05;-187.3;110.231;;;,,,,,,,finHit
1518,2;6.3;-6.05;-134.8;309.049;;;,,,,,,,finHit
1519,3;6.3;-6.05;-96.9;422.786;;;,,,,,,,finHit
1520,4;-31.5;-6.05;-13.2;861.922;;;,,,,,,,finHit
1521,2;6.3;6.05;-134.8;293.518;;;,,,,,,,finHit
1522,3;6.3;6.05;-96.9;43.669;;;,,,,,,,finHit
1523,4;18.9;6.05;-13.2;761.989;;;,,,,,,,finHit
1524,3;18.9;-6.05;-96.9;518.609;;;,,,,,,,finHit
1525,4;69.3;-18.15;-13.2;110.154;;;,,,,,,,finHit
1526,98;178;1;1;-220;0;0;2,,,,,,,finHit
1527,1;6.3;6.05;-187.3;113.107;;;,,,,,,,finHit
1528,3;-6.3;6.05;-96.9;426.919;;;,,,,,,,finHit
1529,99;178;1;1;-220;0;0;4,,,,,,,finHit
1530,1;6.3;6.05;-187.3;11.065;;;,,,,,,,finHit
1531,2;6.3;6.05;-134.8;292.709;;;,,,,,,,finHit
1532,3;6.3;6.05;-96.9;434.496;;;,,,,,,,finHit
1533,4;6.3;6.05;-13.2;744.446;;;,,,,,,,finHit
1534,100;178;1;1;-220;0;0;3,,,,,,,finHit
1535,1;6.3;6.05;-187.3;113.386;;;,,,,,,,finHit
1536,3;-6.3;6.05;-96.9;430.671;;;,,,,,,,finHit
1537,4;-6.3;6.05;-13.2;713.181;;;,,,,,,,finHit
1538,1,178.0,1.0,1.0,-220.0,0.0,0.0,3.0
1539,1,6.3,6.05,-187.3,1.1942,,,finHit
1540,2,6.3,6.05,-134.8,2.83014,,,finHit
1541,4,-6.3,6.05,-13.2,6.95892,,,finHit
1542,2,178.0,1.0,1.0,-220.0,0.0,0.0,4.0
1543,1,6.3,6.05,-187.3,1.0677,,,finHit
1544,2,6.3,6.05,-134.8,2.89134,,,finHit
1545,3,6.3,6.05,-96.9,4.28646,,,finHit
1546,4,6.3,-6.05,-13.2,7.28426,,,finHit
1547,3,178.0,1.0,1.0,-220.0,0.0,0.0,4.0
1548,1,6.3,6.05,-187.3,1.0783,,,finHit
1549,2,6.3,6.05,-134.8,2.85574,,,finHit
1550,3,6.3,6.05,-96.9,4.2308,,,finHit
1551,4,6.3,6.05,-13.2,7.32323,,,finHit
1552,4,178.0,1.0,1.0,-220.0,0.0,0.0,3.0
1553,1,6.3,6.05,-187.3,1.14971,,,finHit
1554,3,-6.3,6.05,-96.9,4.09885,,,finHit
1555,4,-6.3,-6.05,-13.2,7.22264,,,finHit
1556,5,178.0,1.0,1.0,-220.0,0.0,0.0,2.0
1557,1,6.3,6.05,-187.3,1.10099,,,finHit
1558,2,-6.3,6.05,-134.8,2.87913,,,finHit
1559,6,178.0,1.0,1.0,-220.0,0.0,0.0,6.0
1560,1,6.3,6.05,-187.3,1.13775,,,finHit
1561,2,6.3,-6.05,-134.8,3.03987,,,finHit
1562,3,6.3,-6.05,-96.9,4.66149,,,finHit
1563,4,31.5,-6.05,-13.2,8.4039,,,finHit
1564,4,-6.3,6.05,-13.2,7.26563,,,finHit
1565,4,18.9,-6.05,-13.2,7.91541,,,finHit
1566,7,178.0,1.0,1.0,-220.0,0.0,0.0,4.0
1567,1,6.3,6.05,-187.3,1.13692,,,finHit
1568,2,-6.3,6.05,-134.8,2.84236,,,finHit
1569,3,-6.3,6.05,-96.9,4.22795,,,finHit
1570,4,6.3,6.05,-13.2,7.37754,,,finHit
1571,8,178.0,1.0,1.0,-220.0,0.0,0.0,3.0
1572,1,6.3,6.05,-187.3,1.13665,,,finHit
1573,2,-6.3,6.05,-134.8,2.88108,,,finHit
1574,3,-6.3,6.05,-96.9,4.16077,,,finHit
1575,9,178.0,1.0,1.0,-220.0,0.0,0.0,3.0
1576,1,6.3,6.05,-187.3,1.14402,,,finHit
1577,2,6.3,6.05,-134.8,2.9368,,,finHit
1578,3,6.3,6.05,-96.9,4.18617,,,finHit
1579,10,178.0,1.0,1.0,-220.0,0.0,0.0,4.0
1580,1,6.3,6.05,-187.3,1.14569,,,finHit
1581,2,6.3,6.05,-134.8,2.92634,,,finHit
1582,3,6.3,6.05,-96.9,4.44859,,,finHit
1583,4,6.3,18.15,-13.2,7.65231,,,finHit
1584,11,178.0,1.0,1.0,-220.0,0.0,0.0,3.0
1585,1,6.3,6.05,-187.3,1.07863,,,finHit
1586,2,6.3,6.05,-134.8,2.9006,,,finHit
1587,4,6.3,6.05,-13.2,6.96958,,,finHit
1588,12,178.0,1.0,1.0,-220.0,0.0,0.0,4.0
1589,1,6.3,6.05,-187.3,1.15316,,,finHit
1590,2,-6.3,6.05,-134.8,2.8932,,,finHit
1591,3,-6.3,6.05,-96.9,4.17545,,,finHit
1592,4,-6.3,6.05,-13.2,7.02705,,,finHit
1593,13,178.0,1.0,1.0,-220.0,0.0,0.0,3.0
1594,1,6.3,6.05,-187.3,1.10328,,,finHit
1595,3,-6.3,-6.05,-96.9,4.26249,,,finHit
1596,4,31.5,18.15,-13.2,8.71214,,,finHit
1597,14,178.0,1.0,1.0,-220.0,0.0,0.0,2.0
1598,1,6.3,6.05,-187.3,1.13883,,,finHit
1599,2,6.3,6.05,-134.8,2.96318,,,finHit
1600,15,178.0,1.0,1.0,-220.0,0.0,0.0,3.0
1601,1,6.3,6.05,-187.3,1.13203,,,finHit
1602,3,-6.3,6.05,-96.9,4.233,,,finHit
1603,4,-6.3,6.05,-13.2,7.54054,,,finHit
1604,16,178.0,1.0,1.0,-220.0,0.0,0.0,3.0
1605,1,6.3,6.05,-187.3,1.11136,,,finHit
1606,2,6.3,6.05,-134.8,2.95597,,,finHit
1607,4,18.9,-6.05,-13.2,7.70365,,,finHit
1608,17,178.0,1.0,1.0,-220.0,0.0,0.0,4.0
1609,1,6.3,6.05,-187.3,1.09883,,,finHit
1610,4,-6.3,6.05,-13.2,7.51017,,,finHit
1611,3,6.3,6.05,-96.9,4.09087,,,finHit
1612,4,6.3,6.05,-13.2,7.51,,,finHit
1613,18,178.0,1.0,1.0,-220.0,0.0,0.0,4.0
1614,1,6.3,6.05,-187.3,1.15647,,,finHit
1615,2,6.3,6.05,-134.8,2.88136,,,finHit
1616,3,6.3,6.05,-96.9,4.35732,,,finHit
1617,4,-6.3,6.05,-13.2,7.23063,,,finHit
1618,19,178.0,1.0,1.0,-220.0,0.0,0.0,3.0
1619,1,6.3,6.05,-187.3,1.13811,,,finHit
1620,3,6.3,6.05,-96.9,4.37904,,,finHit
1621,4,6.3,6.05,-13.2,7.31003,,,finHit
1622,20,178.0,1.0,1.0,-220.0,0.0,0.0,2.0
1623,1,6.3,6.05,-187.3,1.08012,,,finHit
1624,2,6.3,-6.05,-134.8,3.07782,,,finHit
1625,21,178.0,1.0,1.0,-220.0,0.0,0.0,2.0
1626,1,6.3,6.05,-187.3,1.10894,,,finHit
1627,4,-6.3,-6.05,-13.2,7.32236,,,finHit
1628,22,178.0,1.0,1.0,-220.0,0.0,0.0,4.0
1629,1,6.3,6.05,-187.3,1.08506,,,finHit
1630,2,6.3,6.05,-134.8,3.10613,,,finHit
1631,3,6.3,6.05,-96.9,4.48915,,,finHit
1632,4,18.9,6.05,-13.2,7.69105,,,finHit
1633,23,178.0,1.0,1.0,-220.0,0.0,0.0,4.0
1634,1,6.3,6.05,-187.3,1.12525,,,finHit
1635,2,6.3,6.05,-134.8,2.93245,,,finHit
1636,3,6.3,6.05,-96.9,4.30961,,,finHit
1637,4,18.9,42.35,-13.2,9.91,,,finHit
1638,24,178.0,1.0,1.0,-220.0,0.0,0.0,3.0
1639,1,6.3,6.05,-187.3,1.09633,,,finHit
1640,3,6.3,-6.05,-96.9,4.21058,,,finHit
1641,4,6.3,-6.05,-13.2,7.21835,,,finHit
1642,25,178.0,1.0,1.0,-220.0,0.0,0.0,4.0
1643,1,6.3,6.05,-187.3,1.13574,,,finHit
1644,2,6.3,6.05,-134.8,2.97906,,,finHit
1645,3,6.3,6.05,-96.9,4.48921,,,finHit
1646,4,6.3,18.15,-13.2,7.76718,,,finHit
1647,26,178.0,1.0,1.0,-220.0,0.0,0.0,2.0
1648,1,6.3,6.05,-187.3,1.1278,,,finHit
1649,4,-6.3,18.15,-13.2,7.83117,,,finHit
1650,27,178.0,1.0,1.0,-220.0,0.0,0.0,4.0
1651,1,6.3,6.05,-187.3,1.06904,,,finHit
1652,2,6.3,6.05,-134.8,2.92301,,,finHit
1653,3,6.3,6.05,-96.9,4.28106,,,finHit
1654,4,6.3,6.05,-13.2,7.46553,,,finHit
1655,28,178.0,1.0,1.0,-220.0,0.0,0.0,2.0
1656,1,6.3,6.05,-187.3,1.1196,,,finHit
1657,4,6.3,-6.05,-13.2,7.33119,,,finHit
1658,29,178.0,1.0,1.0,-220.0,0.0,0.0,4.0
1659,1,6.3,6.05,-187.3,1.11271,,,finHit
1660,2,6.3,-6.05,-134.8,3.002,,,finHit
1661,3,6.3,-6.05,-96.9,4.36534,,,finHit
1662,4,6.3,-18.15,-13.2,7.78514,,,finHit
1663,30,178.0,1.0,1.0,-220.0,0.0,0.0,3.0
1664,1,6.3,6.05,-187.3,1.10481,,,finHit
1665,3,-6.3,6.05,-96.9,4.36019,,,finHit
1666,4,-6.3,6.05,-13.2,7.58789,,,finHit
1667,31,178.0,1.0,1.0,-220.0,0.0,0.0,3.0
1668,1,6.3,6.05,-187.3,1.04813,,,finHit
1669,2,6.3,6.05,-134.8,2.94567,,,finHit
1670,3,6.3,6.05,-96.9,4.2443,,,finHit
1671,32,178.0,1.0,1.0,-220.0,0.0,0.0,4.0
1672,1,6.3,6.05,-187.3,1.12746,,,finHit
1673,2,6.3,-6.05,-134.8,3.12241,,,finHit
1674,3,6.3,-6.05,-96.9,4.92414,,,finHit
1675,4,18.9,-30.25,-13.2,8.98322,,,finHit
1676,33,178.0,1.0,1.0,-220.0,0.0,0.0,3.0
1677,1,6.3,6.05,-187.3,1.07016,,,finHit
1678,3,-6.3,-6.05,-96.9,4.2017,,,finHit
1679,4,-6.3,-6.05,-13.2,7.08518,,,finHit
1680,34,178.0,1.0,1.0,-220.0,0.0,0.0,1.0
1681,1,6.3,6.05,-187.3,1.08106,,,finHit
1682,35,178.0,1.0,1.0,-220.0,0.0,0.0,4.0
1683,1,6.3,6.05,-187.3,1.10777,,,finHit
1684,2,6.3,6.05,-134.8,2.93439,,,finHit
1685,3,6.3,6.05,-96.9,4.37128,,,finHit
1686,4,6.3,6.05,-13.2,7.36093,,,finHit
1687,36,178.0,1.0,1.0,-220.0,0.0,0.0,6.0
1688,1,6.3,6.05,-187.3,1.06255,,,finHit
1689,2,6.3,-6.05,-134.8,2.93563,,,finHit
1690,3,6.3,-6.05,-96.9,4.32213,,,finHit
1691,4,6.3,-18.15,-13.2,7.94835,,,finHit
1692,3,-6.3,-6.05,-96.9,4.25659,,,finHit
1693,4,44.1,30.25,-13.2,10.1298,,,finHit
1694,37,178.0,1.0,1.0,-220.0,0.0,0.0,3.0
1695,1,6.3,6.05,-187.3,1.14612,,,finHit
1696,2,6.3,6.05,-134.8,2.94699,,,finHit
1697,3,6.3,6.05,-96.9,4.20509,,,finHit
1698,38,178.0,1.0,1.0,-220.0,0.0,0.0,3.0
1699,1,6.3,6.05,-187.3,1.09373,,,finHit
1700,3,-6.3,-6.05,-96.9,4.16501,,,finHit
1701,4,-6.3,-6.05,-13.2,7.21925,,,finHit
1702,39,178.0,1.0,1.0,-220.0,0.0,0.0,2.0
1703,1,6.3,6.05,-187.3,1.13719,,,finHit
1704,4,6.3,-6.05,-13.2,7.0803,,,finHit
1705,40,178.0,1.0,1.0,-220.0,0.0,0.0,3.0
1706,1,6.3,6.05,-187.3,1.13199,,,finHit
1707,3,-6.3,18.15,-96.9,5.36344,,,finHit
1708,4,-6.3,42.35,-13.2,9.54238,,,finHit
1709,41,178.0,1.0,1.0,-220.0,0.0,0.0,4.0
1710,1,6.3,6.05,-187.3,1.08733,,,finHit
1711,2,6.3,6.05,-134.8,3.02237,,,finHit
1712,3,6.3,6.05,-96.9,4.4021,,,finHit
1713,4,6.3,6.05,-13.2,7.41801,,,finHit
1714,42,178.0,1.0,1.0,-220.0,0.0,0.0,4.0
1715,1,6.3,6.05,-187.3,1.06127,,,finHit
1716,2,6.3,6.05,-134.8,2.98981,,,finHit
1717,3,6.3,6.05,-96.9,4.27381,,,finHit
1718,4,6.3,6.05,-13.2,6.92832,,,finHit
1719,43,178.0,1.0,1.0,-220.0,0.0,0.0,4.0
1720,1,6.3,6.05,-187.3,1.10963,,,finHit
1721,2,6.3,6.05,-134.8,2.86158,,,finHit
1722,3,6.3,6.05,-96.9,4.39817,,,finHit
1723,4,18.9,6.05,-13.2,7.61873,,,finHit
1724,44,178.0,1.0,1.0,-220.0,0.0,0.0,4.0
1725,1,6.3,6.05,-187.3,1.07991,,,finHit
1726,3,-6.3,6.05,-96.9,4.29588,,,finHit
1727,4,-6.3,6.05,-13.2,7.38963,,,finHit
1728,2,18.9,6.05,-134.8,3.93679,,,finHit
1729,45,178.0,1.0,1.0,-220.0,0.0,0.0,3.0
1730,1,6.3,6.05,-187.3,1.15314,,,finHit
1731,3,6.3,-6.05,-96.9,4.5943,,,finHit
1732,4,6.3,-42.35,-13.2,9.34633,,,finHit
1733,46,178.0,1.0,1.0,-220.0,0.0,0.0,4.0
1734,1,6.3,6.05,-187.3,1.12547,,,finHit
1735,2,6.3,-6.05,-134.8,2.95207,,,finHit
1736,3,6.3,-6.05,-96.9,4.42471,,,finHit
1737,4,6.3,-6.05,-13.2,7.18359,,,finHit
1738,47,178.0,1.0,1.0,-220.0,0.0,0.0,2.0
1739,1,6.3,6.05,-187.3,1.05827,,,finHit
1740,4,-18.9,6.05,-13.2,8.01595,,,finHit
1741,48,178.0,1.0,1.0,-220.0,0.0,0.0,3.0
1742,1,6.3,6.05,-187.3,1.12439,,,finHit
1743,3,-6.3,-6.05,-96.9,4.21698,,,finHit
1744,4,-6.3,-18.15,-13.2,8.17604,,,finHit
1745,49,178.0,1.0,1.0,-220.0,0.0,0.0,4.0
1746,1,6.3,6.05,-187.3,1.08003,,,finHit
1747,2,6.3,6.05,-134.8,2.95243,,,finHit
1748,3,6.3,6.05,-96.9,4.29676,,,finHit
1749,4,6.3,6.05,-13.2,7.27564,,,finHit
1750,50,178.0,1.0,1.0,-220.0,0.0,0.0,2.0
1751,1,6.3,6.05,-187.3,1.18187,,,finHit
1752,4,6.3,6.05,-13.2,7.14742,,,finHit
1753,51,178.0,1.0,1.0,-220.0,0.0,0.0,2.0
1754,1,6.3,6.05,-187.3,1.14274,,,finHit
1755,4,-6.3,-6.05,-13.2,7.34883,,,finHit
1756,52,178.0,1.0,1.0,-220.0,0.0,0.0,1.0
1757,1,6.3,6.05,-187.3,1.12124,,,finHit
1758,53,178.0,1.0,1.0,-220.0,0.0,0.0,4.0
1759,1,6.3,6.05,-187.3,1.07309,,,finHit
1760,2,6.3,-6.05,-134.8,3.0776,,,finHit
1761,3,6.3,-6.05,-96.9,4.55443,,,finHit
1762,4,18.9,-18.15,-13.2,8.61294,,,finHit
1763,54,178.0,1.0,1.0,-220.0,0.0,0.0,4.0
1764,1,6.3,6.05,-187.3,1.14734,,,finHit
1765,2,6.3,6.05,-134.8,2.98077,,,finHit
1766,3,6.3,6.05,-96.9,4.27721,,,finHit
1767,4,6.3,6.05,-13.2,7.35827,,,finHit
1768,55,178.0,1.0,1.0,-220.0,0.0,0.0,2.0
1769,1,6.3,6.05,-187.3,1.13172,,,finHit
1770,4,6.3,6.05,-13.2,7.15884,,,finHit
1771,56,178.0,1.0,1.0,-220.0,0.0,0.0,3.0
1772,1,6.3,6.05,-187.3,1.14318,,,finHit
1773,3,6.3,6.05,-96.9,4.40156,,,finHit
1774,4,6.3,30.25,-13.2,8.53111,,,finHit
1775,57,178.0,1.0,1.0,-220.0,0.0,0.0,4.0
1776,1,6.3,6.05,-187.3,1.14113,,,finHit
1777,2,6.3,6.05,-134.8,3.17955,,,finHit
1778,3,6.3,6.05,-96.9,4.5795,,,finHit
1779,4,6.3,6.05,-13.2,7.77651,,,finHit
1780,58,178.0,1.0,1.0,-220.0,0.0,0.0,2.0
1781,1,6.3,6.05,-187.3,1.1176,,,finHit
1782,4,-18.9,6.05,-13.2,7.95929,,,finHit
1783,59,178.0,1.0,1.0,-220.0,0.0,0.0,4.0
1784,1,6.3,6.05,-187.3,1.1426,,,finHit
1785,2,6.3,6.05,-134.8,3.00563,,,finHit
1786,3,6.3,6.05,-96.9,4.36876,,,finHit
1787,4,18.9,6.05,-13.2,7.9136,,,finHit
1788,60,178.0,1.0,1.0,-220.0,0.0,0.0,2.0
1789,1,6.3,6.05,-187.3,1.13067,,,finHit
1790,2,6.3,6.05,-134.8,2.90922,,,finHit
1791,61,178.0,1.0,1.0,-220.0,0.0,0.0,5.0
1792,1,6.3,6.05,-187.3,1.1581,,,finHit
1793,3,6.3,-6.05,-96.9,4.34056,,,finHit
1794,4,6.3,-18.15,-13.2,7.9228,,,finHit
1795,4,-6.3,-6.05,-13.2,7.09167,,,finHit
1796,4,6.3,-6.05,-13.2,7.27043,,,finHit
1797,62,178.0,1.0,1.0,-220.0,0.0,0.0,5.0
1798,1,6.3,6.05,-187.3,1.17548,,,finHit
1799,2,-31.5,-6.05,-134.8,4.84419,,,finHit
1800,2,-6.3,-6.05,-134.8,3.36443,,,finHit
1801,3,6.3,6.05,-96.9,4.35612,,,finHit
1802,4,6.3,6.05,-13.2,7.4294,,,finHit
1803,63,178.0,1.0,1.0,-220.0,0.0,0.0,3.0
1804,1,6.3,6.05,-187.3,1.02613,,,finHit
1805,2,6.3,6.05,-134.8,2.95852,,,finHit
1806,4,-6.3,6.05,-13.2,7.50243,,,finHit
1807,64,178.0,1.0,1.0,-220.0,0.0,0.0,5.0
1808,1,6.3,6.05,-187.3,1.14718,,,finHit
1809,2,6.3,6.05,-134.8,3.20862,,,finHit
1810,3,18.9,18.15,-96.9,5.33537,,,finHit
1811,4,44.1,42.35,-13.2,10.726,,,finHit
1812,4,6.3,-6.05,-13.2,6.98889,,,finHit
1813,65,178.0,1.0,1.0,-220.0,0.0,0.0,4.0
1814,1,6.3,6.05,-187.3,1.06602,,,finHit
1815,2,6.3,6.05,-134.8,3.02328,,,finHit
1816,3,6.3,6.05,-96.9,4.31206,,,finHit
1817,4,6.3,6.05,-13.2,7.31664,,,finHit
1818,66,178.0,1.0,1.0,-220.0,0.0,0.0,2.0
1819,1,6.3,6.05,-187.3,1.09064,,,finHit
1820,4,6.3,6.05,-13.2,7.39219,,,finHit
1821,67,178.0,1.0,1.0,-220.0,0.0,0.0,4.0
1822,1,6.3,6.05,-187.3,1.11017,,,finHit
1823,2,6.3,6.05,-134.8,3.03094,,,finHit
1824,3,6.3,6.05,-96.9,4.45634,,,finHit
1825,4,6.3,18.15,-13.2,7.73561,,,finHit
1826,68,178.0,1.0,1.0,-220.0,0.0,0.0,3.0
1827,1,6.3,6.05,-187.3,1.0963,,,finHit
1828,3,6.3,6.05,-96.9,4.34827,,,finHit
1829,4,6.3,18.15,-13.2,7.88381,,,finHit
1830,69,178.0,1.0,1.0,-220.0,0.0,0.0,4.0
1831,1,6.3,6.05,-187.3,1.06485,,,finHit
1832,2,6.3,6.05,-134.8,2.93987,,,finHit
1833,3,6.3,6.05,-96.9,4.30894,,,finHit
1834,4,6.3,6.05,-13.2,7.4311,,,finHit
1835,70,178.0,1.0,1.0,-220.0,0.0,0.0,3.0
1836,1,6.3,6.05,-187.3,1.13444,,,finHit
1837,2,6.3,6.05,-134.8,2.90578,,,finHit
1838,3,6.3,6.05,-96.9,4.2174,,,finHit
1839,71,178.0,1.0,1.0,-220.0,0.0,0.0,4.0
1840,1,6.3,6.05,-187.3,1.15685,,,finHit
1841,2,6.3,6.05,-134.8,3.07101,,,finHit
1842,3,6.3,6.05,-96.9,4.3961,,,finHit
1843,4,6.3,6.05,-13.2,7.37526,,,finHit
1844,72,178.0,1.0,1.0,-220.0,0.0,0.0,3.0
1845,1,6.3,6.05,-187.3,1.09526,,,finHit
1846,2,6.3,6.05,-134.8,3.02205,,,finHit
1847,3,6.3,6.05,-96.9,4.23509,,,finHit
1848,73,178.0,1.0,1.0,-220.0,0.0,0.0,3.0
1849,1,6.3,6.05,-187.3,1.13837,,,finHit
1850,2,6.3,6.05,-134.8,3.05707,,,finHit
1851,3,6.3,6.05,-96.9,4.46959,,,finHit
1852,74,178.0,1.0,1.0,-220.0,0.0,0.0,4.0
1853,1,6.3,6.05,-187.3,1.01264,,,finHit
1854,2,6.3,-6.05,-134.8,2.87622,,,finHit
1855,3,6.3,-6.05,-96.9,4.15701,,,finHit
1856,4,-6.3,-6.05,-13.2,7.30378,,,finHit
1857,75,178.0,1.0,1.0,-220.0,0.0,0.0,3.0
1858,1,6.3,6.05,-187.3,1.20945,,,finHit
1859,3,-6.3,6.05,-96.9,4.28981,,,finHit
1860,4,-6.3,6.05,-13.2,7.38196,,,finHit
1861,76,178.0,1.0,1.0,-220.0,0.0,0.0,3.0
1862,1,6.3,6.05,-187.3,1.09364,,,finHit
1863,2,6.3,6.05,-134.8,2.84361,,,finHit
1864,3,-6.3,6.05,-96.9,4.36883,,,finHit
1865,77,178.0,1.0,1.0,-220.0,0.0,0.0,3.0
1866,1,6.3,6.05,-187.3,1.12748,,,finHit
1867,2,6.3,6.05,-134.8,2.8606,,,finHit
1868,4,-6.3,-6.05,-13.2,7.26612,,,finHit
1869,78,178.0,1.0,1.0,-220.0,0.0,0.0,4.0
1870,1,6.3,6.05,-187.3,1.17228,,,finHit
1871,2,-6.3,-6.05,-134.8,2.83166,,,finHit
1872,3,-6.3,-6.05,-96.9,4.39531,,,finHit
1873,4,-6.3,-6.05,-13.2,7.56599,,,finHit
1874,79,178.0,1.0,1.0,-220.0,0.0,0.0,3.0
1875,1,6.3,6.05,-187.3,1.03204,,,finHit
1876,4,-6.3,6.05,-13.2,7.12019,,,finHit
1877,4,6.3,-6.05,-13.2,7.61299,,,finHit
1878,80,178.0,1.0,1.0,-220.0,0.0,0.0,2.0
1879,1,6.3,6.05,-187.3,1.14828,,,finHit
1880,4,-6.3,-6.05,-13.2,7.20783,,,finHit
1881,81,178.0,1.0,1.0,-220.0,0.0,0.0,4.0
1882,1,6.3,6.05,-187.3,1.07801,,,finHit
1883,2,-6.3,6.05,-134.8,3.00183,,,finHit
1884,3,-6.3,6.05,-96.9,4.33506,,,finHit
1885,4,-6.3,6.05,-13.2,7.56906,,,finHit
1886,82,178.0,1.0,1.0,-220.0,0.0,0.0,4.0
1887,1,6.3,6.05,-187.3,1.06101,,,finHit
1888,2,6.3,6.05,-134.8,2.84188,,,finHit
1889,3,6.3,6.05,-96.9,4.11529,,,finHit
1890,4,-6.3,6.05,-13.2,7.37801,,,finHit
1891,83,178.0,1.0,1.0,-220.0,0.0,0.0,4.0
1892,1,6.3,6.05,-187.3,1.12769,,,finHit
1893,2,6.3,-6.05,-134.8,2.9242,,,finHit
1894,3,6.3,-6.05,-96.9,4.32368,,,finHit
1895,4,6.3,-6.05,-13.2,7.27966,,,finHit
1896,84,178.0,1.0,1.0,-220.0,0.0,0.0,2.0
1897,1,6.3,6.05,-187.3,1.15704,,,finHit
1898,4,-6.3,30.25,-13.2,8.76963,,,finHit
1899,85,178.0,1.0,1.0,-220.0,0.0,0.0,3.0
1900,1,6.3,6.05,-187.3,1.17853,,,finHit
1901,2,6.3,6.05,-134.8,2.85289,,,finHit
1902,4,18.9,-6.05,-13.2,7.58655,,,finHit
1903,86,178.0,1.0,1.0,-220.0,0.0,0.0,4.0
1904,1,6.3,6.05,-187.3,1.1273,,,finHit
1905,2,6.3,6.05,-134.8,2.91051,,,finHit
1906,3,6.3,6.05,-96.9,4.23127,,,finHit
1907,4,6.3,-6.05,-13.2,7.47258,,,finHit
1908,87,178.0,1.0,1.0,-220.0,0.0,0.0,3.0
1909,1,6.3,6.05,-187.3,1.09607,,,finHit
1910,2,6.3,-6.05,-134.8,2.82601,,,finHit
1911,3,-6.3,-6.05,-96.9,4.21794,,,finHit
1912,88,178.0,1.0,1.0,-220.0,0.0,0.0,4.0
1913,1,6.3,6.05,-187.3,1.08056,,,finHit
1914,2,6.3,6.05,-134.8,2.90195,,,finHit
1915,3,6.3,-6.05,-96.9,4.24634,,,finHit
1916,4,6.3,-6.05,-13.2,7.29891,,,finHit
1917,89,178.0,1.0,1.0,-220.0,0.0,0.0,6.0
1918,1,6.3,6.05,-187.3,1.0754,,,finHit
1919,2,6.3,-6.05,-134.8,2.91562,,,finHit
1920,3,6.3,-6.05,-96.9,4.23076,,,finHit
1921,4,18.9,-6.05,-13.2,7.91775,,,finHit
1922,2,-6.3,18.15,-134.8,4.19406,,,finHit
1923,2,18.9,-18.15,-134.8,4.18695,,,finHit
1924,90,178.0,1.0,1.0,-220.0,0.0,0.0,4.0
1925,1,6.3,6.05,-187.3,1.13682,,,finHit
1926,2,6.3,6.05,-134.8,2.95226,,,finHit
1927,3,6.3,6.05,-96.9,4.34012,,,finHit
1928,4,6.3,6.05,-13.2,7.37014,,,finHit
1929,91,178.0,1.0,1.0,-220.0,0.0,0.0,4.0
1930,1,6.3,6.05,-187.3,1.13657,,,finHit
1931,2,6.3,6.05,-134.8,2.91015,,,finHit
1932,3,-6.3,6.05,-96.9,4.31086,,,finHit
1933,4,-6.3,6.05,-13.2,6.9966,,,finHit
1934,92,178.0,1.0,1.0,-220.0,0.0,0.0,4.0
1935,1,6.3,6.05,-187.3,1.11013,,,finHit
1936,2,6.3,6.05,-134.8,2.87815,,,finHit
1937,3,-6.3,6.05,-96.9,4.34823,,,finHit
1938,4,6.3,6.05,-13.2,7.09251,,,finHit
1939,93,178.0,1.0,1.0,-220.0,0.0,0.0,2.0
1940,1,6.3,6.05,-187.3,1.12996,,,finHit
1941,4,6.3,-6.05,-13.2,7.39164,,,finHit
1942,94,178.0,1.0,1.0,-220.0,0.0,0.0,3.0
1943,1,6.3,6.05,-187.3,1.10578,,,finHit
1944,2,-6.3,6.05,-134.8,2.91872,,,finHit
1945,3,-6.3,6.05,-96.9,4.25596,,,finHit
1946,95,178.0,1.0,1.0,-220.0,0.0,0.0,3.0
1947,1,6.3,6.05,-187.3,1.07872,,,finHit
1948,2,6.3,6.05,-134.8,2.8326,,,finHit
1949,3,6.3,6.05,-96.9,4.19564,,,finHit
1950,96,178.0,1.0,1.0,-220.0,0.0,0.0,2.0
1951,1,6.3,6.05,-187.3,1.13289,,,finHit
1952,4,-6.3,-6.05,-13.2,7.29527,,,finHit
1953,97,178.0,1.0,1.0,-220.0,0.0,0.0,9.0
1954,1,6.3,6.05,-187.3,1.10231,,,finHit
1955,2,6.3,-6.05,-134.8,3.09049,,,finHit
1956,3,6.3,-6.05,-96.9,4.22786,,,finHit
1957,4,-31.5,-6.05,-13.2,8.61922,,,finHit
1958,2,6.3,6.05,-134.8,2.93518,,,finHit
1959,3,6.3,6.05,-96.9,4.3669,,,finHit
1960,4,18.9,6.05,-13.2,7.61989,,,finHit
1961,3,18.9,-6.05,-96.9,5.18609,,,finHit
1962,4,69.3,-18.15,-13.2,11.0154,,,finHit
1963,98,178.0,1.0,1.0,-220.0,0.0,0.0,2.0
1964,1,6.3,6.05,-187.3,1.13107,,,finHit
1965,3,-6.3,6.05,-96.9,4.26919,,,finHit
1966,99,178.0,1.0,1.0,-220.0,0.0,0.0,4.0
1967,1,6.3,6.05,-187.3,1.1065,,,finHit
1968,2,6.3,6.05,-134.8,2.92709,,,finHit
1969,3,6.3,6.05,-96.9,4.34496,,,finHit
1970,4,6.3,6.05,-13.2,7.44446,,,finHit
1971,100,178.0,1.0,1.0,-220.0,0.0,0.0,3.0
1972,1,6.3,6.05,-187.3,1.13386,,,finHit
1973,3,-6.3,6.05,-96.9,4.30671,,,finHit
1974,4,-6.3,6.05,-13.2,7.13181,,,finHit
1975,1,56.0,1.0,1.0,-220.0,0.0,0.0,4.0
1976,1,6.3,6.05,-187.3,11.563,,,finHit
1977,2,6.3,6.05,-134.8,304.832,,,finHit
1978,3,6.3,6.05,-96.9,443.849,,,finHit
1979,4,6.3,-6.05,-13.2,748.818,,,finHit
1980,2,56.0,1.0,1.0,-220.0,0.0,0.0,3.0
1981,1,6.3,6.05,-187.3,115.764,,,finHit
1982,2,6.3,-6.05,-134.8,286.132,,,finHit
1983,3,6.3,-6.05,-96.9,435.004,,,finHit
1984,3,56.0,1.0,1.0,-220.0,0.0,0.0,3.0
1985,1,6.3,6.05,-187.3,114.469,,,finHit
1986,2,6.3,6.05,-134.8,304.733,,,finHit
1987,3,-6.3,6.05,-96.9,442.275,,,finHit
1988,4,56.0,1.0,1.0,-220.0,0.0,0.0,4.0
1989,1,6.3,6.05,-187.3,108.762,,,finHit
1990,2,6.3,6.05,-134.8,29.281,,,finHit
1991,3,6.3,6.05,-96.9,413.006,,,finHit
1992,4,18.9,6.05,-13.2,784.537,,,finHit
1993,5,56.0,1.0,1.0,-220.0,0.0,0.0,4.0
1994,1,6.3,6.05,-187.3,113.447,,,finHit
1995,2,6.3,-6.05,-134.8,308.738,,,finHit
1996,3,-6.3,-6.05,-96.9,465.266,,,finHit
1997,4,-18.9,-30.25,-13.2,856.812,,,finHit
1998,6,56.0,1.0,1.0,-220.0,0.0,0.0,3.0
1999,1,6.3,6.05,-187.3,116.422,,,finHit
2000,2,6.3,-6.05,-134.8,365.169,,,finHit
2001,3,18.9,-18.15,-96.9,548.959,,,finHit
2002,7,56.0,1.0,1.0,-220.0,0.0,0.0,3.0
2003,1,6.3,6.05,-187.3,105.719,,,finHit
2004,2,-6.3,6.05,-134.8,32.947,,,finHit
2005,4,-6.3,42.35,-13.2,974.491,,,finHit
2006,8,56.0,1.0,1.0,-220.0,0.0,0.0,3.0
2007,1,6.3,6.05,-187.3,117.681,,,finHit
2008,2,6.3,-6.05,-134.8,328.727,,,finHit
2009,3,6.3,-18.15,-96.9,515.002,,,finHit
2010,9,56.0,1.0,1.0,-220.0,0.0,0.0,3.0
2011,1,6.3,6.05,-187.3,114.699,,,finHit
2012,3,-6.3,-6.05,-96.9,413.099,,,finHit
2013,4,6.3,-18.15,-13.2,779.984,,,finHit
2014,10,56.0,1.0,1.0,-220.0,0.0,0.0,2.0
2015,1,6.3,6.05,-187.3,109.583,,,finHit
2016,4,-31.5,18.15,-13.2,86.464,,,finHit
2017,11,56.0,1.0,1.0,-220.0,0.0,0.0,4.0
2018,1,6.3,6.05,-187.3,11.377,,,finHit
2019,2,6.3,6.05,-134.8,312.405,,,finHit
2020,3,6.3,6.05,-96.9,486.098,,,finHit
2021,4,6.3,42.35,-13.2,947.759,,,finHit
2022,12,56.0,1.0,1.0,-220.0,0.0,0.0,4.0
2023,1,6.3,6.05,-187.3,112.971,,,finHit
2024,2,6.3,6.05,-134.8,308.354,,,finHit
2025,3,18.9,-6.05,-96.9,490.962,,,finHit
2026,4,31.5,-6.05,-13.2,902.976,,,finHit
2027,13,56.0,1.0,1.0,-220.0,0.0,0.0,4.0
2028,1,6.3,6.05,-187.3,110.522,,,finHit
2029,2,6.3,-6.05,-134.8,30.618,,,finHit
2030,3,6.3,-6.05,-96.9,459.809,,,finHit
2031,4,6.3,-18.15,-13.2,781.063,,,finHit
2032,14,56.0,1.0,1.0,-220.0,0.0,0.0,4.0
2033,1,6.3,6.05,-187.3,107.953,,,finHit
2034,2,6.3,-6.05,-134.8,295.253,,,finHit
2035,3,6.3,-6.05,-96.9,422.437,,,finHit
2036,4,6.3,-6.05,-13.2,741.087,,,finHit
2037,15,56.0,1.0,1.0,-220.0,0.0,0.0,4.0
2038,1,6.3,6.05,-187.3,112.896,,,finHit
2039,2,-6.3,-6.05,-134.8,301.417,,,finHit
2040,3,-6.3,-6.05,-96.9,45.652,,,finHit
2041,4,-6.3,-18.15,-13.2,780.325,,,finHit
2042,16,56.0,1.0,1.0,-220.0,0.0,0.0,4.0
2043,1,6.3,6.05,-187.3,119.424,,,finHit
2044,2,6.3,6.05,-134.8,349.697,,,finHit
2045,3,6.3,6.05,-96.9,471.301,,,finHit
2046,4,31.5,-6.05,-13.2,855.907,,,finHit
2047,17,56.0,1.0,1.0,-220.0,0.0,0.0,3.0
2048,1,6.3,6.05,-187.3,115.944,,,finHit
2049,3,-6.3,-6.05,-96.9,448.861,,,finHit
2050,4,-18.9,-6.05,-13.2,797.447,,,finHit
2051,18,56.0,1.0,1.0,-220.0,0.0,0.0,2.0
2052,1,6.3,6.05,-187.3,11.281,,,finHit
2053,3,-6.3,-18.15,-96.9,586.059,,,finHit
2054,19,56.0,1.0,1.0,-220.0,0.0,0.0,4.0
2055,1,6.3,6.05,-187.3,115.343,,,finHit
2056,2,6.3,-6.05,-134.8,333.176,,,finHit
2057,3,18.9,6.05,-96.9,516.373,,,finHit
2058,4,31.5,6.05,-13.2,901.976,,,finHit
2059,20,56.0,1.0,1.0,-220.0,0.0,0.0,4.0
2060,1,6.3,6.05,-187.3,112.653,,,finHit
2061,2,-6.3,-6.05,-134.8,296.431,,,finHit
2062,3,-6.3,-6.05,-96.9,48.183,,,finHit
2063,4,-6.3,-18.15,-13.2,824.828,,,finHit
2064,21,56.0,1.0,1.0,-220.0,0.0,0.0,5.0
2065,1,6.3,6.05,-187.3,105.724,,,finHit
2066,2,6.3,-6.05,-134.8,328.707,,,finHit
2067,3,18.9,-6.05,-96.9,541.356,,,finHit
2068,4,56.7,-6.05,-13.2,102.381,,,finHit
2069,4,44.1,-18.15,-13.2,9.96,,,finHit
2070,22,56.0,1.0,1.0,-220.0,0.0,0.0,3.0
2071,1,6.3,6.05,-187.3,115.672,,,finHit
2072,2,6.3,-6.05,-134.8,330.946,,,finHit
2073,3,31.5,-6.05,-96.9,578.856,,,finHit
2074,23,56.0,1.0,1.0,-220.0,0.0,0.0,2.0
2075,1,6.3,6.05,-187.3,115.052,,,finHit
2076,4,6.3,-6.05,-13.2,694.785,,,finHit
2077,24,56.0,1.0,1.0,-220.0,0.0,0.0,4.0
2078,1,6.3,6.05,-187.3,10.852,,,finHit
2079,2,6.3,6.05,-134.8,337.655,,,finHit
2080,3,6.3,18.15,-96.9,490.801,,,finHit
2081,4,18.9,6.05,-13.2,798.536,,,finHit
2082,25,56.0,1.0,1.0,-220.0,0.0,0.0,4.0
2083,1,6.3,6.05,-187.3,109.085,,,finHit
2084,2,-6.3,6.05,-134.8,33.093,,,finHit
2085,3,-6.3,18.15,-96.9,514.577,,,finHit
2086,4,-6.3,54.45,-13.2,977.307,,,finHit
2087,26,56.0,1.0,1.0,-220.0,0.0,0.0,3.0
2088,1,6.3,6.05,-187.3,106.406,,,finHit
2089,2,6.3,-6.05,-134.8,34.167,,,finHit
2090,3,18.9,-6.05,-96.9,517.963,,,finHit
2091,27,56.0,1.0,1.0,-220.0,0.0,0.0,1.0
2092,1,6.3,6.05,-187.3,117.639,,,finHit
2093,28,56.0,1.0,1.0,-220.0,0.0,0.0,4.0
2094,1,6.3,6.05,-187.3,114.163,,,finHit
2095,2,-6.3,6.05,-134.8,318.002,,,finHit
2096,3,-6.3,6.05,-96.9,464.762,,,finHit
2097,4,-6.3,6.05,-13.2,751.038,,,finHit
2098,29,56.0,1.0,1.0,-220.0,0.0,0.0,4.0
2099,1,6.3,6.05,-187.3,110.855,,,finHit
2100,2,6.3,-6.05,-134.8,288.715,,,finHit
2101,3,6.3,6.05,-96.9,441.224,,,finHit
2102,4,6.3,18.15,-13.2,794.988,,,finHit
2103,30,56.0,1.0,1.0,-220.0,0.0,0.0,3.0
2104,1,6.3,6.05,-187.3,103.563,,,finHit
2105,2,-6.3,-6.05,-134.8,31.244,,,finHit
2106,3,-6.3,-6.05,-96.9,465.397,,,finHit
2107,31,56.0,1.0,1.0,-220.0,0.0,0.0,4.0
2108,1,6.3,6.05,-187.3,118.256,,,finHit
2109,2,-6.3,-6.05,-134.8,29.389,,,finHit
2110,3,-6.3,6.05,-96.9,438.287,,,finHit
2111,4,-6.3,-6.05,-13.2,724.831,,,finHit
2112,32,56.0,1.0,1.0,-220.0,0.0,0.0,3.0
2113,1,6.3,6.05,-187.3,118.434,,,finHit
2114,2,6.3,6.05,-134.8,331.303,,,finHit
2115,3,6.3,6.05,-96.9,481.162,,,finHit
2116,33,56.0,1.0,1.0,-220.0,0.0,0.0,3.0
2117,1,6.3,6.05,-187.3,116.178,,,finHit
2118,3,6.3,-6.05,-96.9,443.482,,,finHit
2119,4,18.9,-18.15,-13.2,825.342,,,finHit
2120,34,56.0,1.0,1.0,-220.0,0.0,0.0,3.0
2121,1,6.3,6.05,-187.3,112.321,,,finHit
2122,2,6.3,18.15,-134.8,407.879,,,finHit
2123,3,6.3,42.35,-96.9,646.618,,,finHit
2124,35,56.0,1.0,1.0,-220.0,0.0,0.0,3.0
2125,1,6.3,6.05,-187.3,115.221,,,finHit
2126,2,-6.3,-6.05,-134.8,306.766,,,finHit
2127,4,18.9,-6.05,-13.2,837.644,,,finHit
2128,36,56.0,1.0,1.0,-220.0,0.0,0.0,4.0
2129,1,6.3,6.05,-187.3,112.183,,,finHit
2130,2,6.3,6.05,-134.8,310.885,,,finHit
2131,3,6.3,6.05,-96.9,441.153,,,finHit
2132,4,-6.3,30.25,-13.2,846.732,,,finHit
2133,37,56.0,1.0,1.0,-220.0,0.0,0.0,4.0
2134,1,6.3,6.05,-187.3,114.512,,,finHit
2135,2,6.3,-6.05,-134.8,31.774,,,finHit
2136,3,-6.3,-6.05,-96.9,461.726,,,finHit
2137,4,-31.5,-30.25,-13.2,937.226,,,finHit
2138,38,56.0,1.0,1.0,-220.0,0.0,0.0,3.0
2139,1,6.3,6.05,-187.3,11.259,,,finHit
2140,2,18.9,-6.05,-134.8,366.233,,,finHit
2141,3,31.5,-6.05,-96.9,591.922,,,finHit
2142,39,56.0,1.0,1.0,-220.0,0.0,0.0,4.0
2143,1,6.3,6.05,-187.3,113.232,,,finHit
2144,2,18.9,6.05,-134.8,360.139,,,finHit
2145,3,18.9,6.05,-96.9,523.442,,,finHit
2146,4,31.5,18.15,-13.2,861.138,,,finHit
2147,40,56.0,1.0,1.0,-220.0,0.0,0.0,5.0
2148,1,6.3,6.05,-187.3,105.181,,,finHit
2149,2,-6.3,6.05,-134.8,303.428,,,finHit
2150,3,6.3,6.05,-96.9,41.481,,,finHit
2151,4,18.9,-30.25,-13.2,881.613,,,finHit
2152,4,-6.3,18.15,-13.2,812.847,,,finHit
2153,41,56.0,1.0,1.0,-220.0,0.0,0.0,4.0
2154,1,6.3,6.05,-187.3,118.693,,,finHit
2155,2,6.3,6.05,-134.8,323.359,,,finHit
2156,3,18.9,6.05,-96.9,564.213,,,finHit
2157,4,44.1,-6.05,-13.2,944.023,,,finHit
2158,42,56.0,1.0,1.0,-220.0,0.0,0.0,3.0
2159,1,6.3,6.05,-187.3,115.058,,,finHit
2160,2,-6.3,6.05,-134.8,365.341,,,finHit
2161,3,-6.3,18.15,-96.9,552.063,,,finHit
2162,43,56.0,1.0,1.0,-220.0,0.0,0.0,3.0
2163,1,6.3,6.05,-187.3,11.723,,,finHit
2164,3,-6.3,6.05,-96.9,457.071,,,finHit
2165,4,-18.9,-6.05,-13.2,807.256,,,finHit
2166,44,56.0,1.0,1.0,-220.0,0.0,0.0,4.0
2167,1,6.3,6.05,-187.3,108.576,,,finHit
2168,2,6.3,18.15,-134.8,366.665,,,finHit
2169,3,-6.3,18.15,-96.9,524.733,,,finHit
2170,4,-18.9,18.15,-13.2,84.174,,,finHit
2171,45,56.0,1.0,1.0,-220.0,0.0,0.0,3.0
2172,1,6.3,6.05,-187.3,117.856,,,finHit
2173,2,-6.3,6.05,-134.8,308.854,,,finHit
2174,4,-6.3,-18.15,-13.2,801.661,,,finHit
2175,46,56.0,1.0,1.0,-220.0,0.0,0.0,3.0
2176,1,6.3,6.05,-187.3,111.585,,,finHit
2177,2,6.3,-6.05,-134.8,294.256,,,finHit
2178,3,-6.3,-6.05,-96.9,447.247,,,finHit
2179,47,56.0,1.0,1.0,-220.0,0.0,0.0,4.0
2180,1,6.3,6.05,-187.3,118.024,,,finHit
2181,2,6.3,-6.05,-134.8,298.891,,,finHit
2182,3,-6.3,-6.05,-96.9,447.609,,,finHit
2183,4,-18.9,-6.05,-13.2,805.294,,,finHit
2184,48,56.0,1.0,1.0,-220.0,0.0,0.0,3.0
2185,1,6.3,6.05,-187.3,10.954,,,finHit
2186,3,6.3,6.05,-96.9,461.096,,,finHit
2187,4,-6.3,30.25,-13.2,864.163,,,finHit
2188,49,56.0,1.0,1.0,-220.0,0.0,0.0,4.0
2189,1,6.3,6.05,-187.3,115.761,,,finHit
2190,2,-6.3,6.05,-134.8,300.675,,,finHit
2191,3,-6.3,6.05,-96.9,44.885,,,finHit
2192,4,6.3,18.15,-13.2,778.275,,,finHit
2193,50,56.0,1.0,1.0,-220.0,0.0,0.0,2.0
2194,1,6.3,6.05,-187.3,119.101,,,finHit
2195,4,-6.3,-30.25,-13.2,852.186,,,finHit
2196,51,56.0,1.0,1.0,-220.0,0.0,0.0,4.0
2197,1,6.3,6.05,-187.3,117.324,,,finHit
2198,2,6.3,6.05,-134.8,321.261,,,finHit
2199,3,6.3,6.05,-96.9,488.498,,,finHit
2200,4,-6.3,30.25,-13.2,869.483,,,finHit
2201,52,56.0,1.0,1.0,-220.0,0.0,0.0,3.0
2202,1,6.3,6.05,-187.3,112.864,,,finHit
2203,2,-6.3,-6.05,-134.8,308.827,,,finHit
2204,3,-6.3,6.05,-96.9,456.288,,,finHit
2205,53,56.0,1.0,1.0,-220.0,0.0,0.0,4.0
2206,1,6.3,6.05,-187.3,108.764,,,finHit
2207,2,6.3,6.05,-134.8,329.141,,,finHit
2208,3,6.3,18.15,-96.9,500.657,,,finHit
2209,4,-6.3,30.25,-13.2,874.658,,,finHit
2210,54,56.0,1.0,1.0,-220.0,0.0,0.0,3.0
2211,1,6.3,6.05,-187.3,10.353,,,finHit
2212,2,6.3,-6.05,-134.8,306.584,,,finHit
2213,3,6.3,-6.05,-96.9,46.332,,,finHit
2214,55,56.0,1.0,1.0,-220.0,0.0,0.0,3.0
2215,1,6.3,6.05,-187.3,102.282,,,finHit
2216,2,6.3,-18.15,-134.8,369.083,,,finHit
2217,3,6.3,-42.35,-96.9,638.569,,,finHit
2218,56,56.0,1.0,1.0,-220.0,0.0,0.0,4.0
2219,1,6.3,6.05,-187.3,112.562,,,finHit
2220,2,6.3,-6.05,-134.8,293.262,,,finHit
2221,3,6.3,6.05,-96.9,44.553,,,finHit
2222,4,18.9,18.15,-13.2,868.421,,,finHit
2223,57,56.0,1.0,1.0,-220.0,0.0,0.0,4.0
2224,1,6.3,6.05,-187.3,121.562,,,finHit
2225,2,-6.3,6.05,-134.8,328.531,,,finHit
2226,3,-6.3,18.15,-96.9,483.357,,,finHit
2227,4,-18.9,18.15,-13.2,818.937,,,finHit
2228,58,56.0,1.0,1.0,-220.0,0.0,0.0,4.0
2229,1,6.3,6.05,-187.3,109.783,,,finHit
2230,2,6.3,6.05,-134.8,323.201,,,finHit
2231,3,6.3,6.05,-96.9,454.458,,,finHit
2232,4,18.9,6.05,-13.2,785.559,,,finHit
2233,59,56.0,1.0,1.0,-220.0,0.0,0.0,4.0
2234,1,6.3,6.05,-187.3,106.781,,,finHit
2235,2,6.3,-6.05,-134.8,344.427,,,finHit
2236,3,18.9,-6.05,-96.9,510.257,,,finHit
2237,4,69.3,18.15,-13.2,11.173,,,finHit
2238,60,56.0,1.0,1.0,-220.0,0.0,0.0,3.0
2239,1,6.3,6.05,-187.3,11.536,,,finHit
2240,2,6.3,-6.05,-134.8,310.108,,,finHit
2241,4,-6.3,42.35,-13.2,929.668,,,finHit
2242,61,56.0,1.0,1.0,-220.0,0.0,0.0,4.0
2243,1,6.3,6.05,-187.3,107.571,,,finHit
2244,2,6.3,6.05,-134.8,306.172,,,finHit
2245,3,6.3,6.05,-96.9,461.666,,,finHit
2246,4,6.3,18.15,-13.2,809.476,,,finHit
2247,62,56.0,1.0,1.0,-220.0,0.0,0.0,4.0
2248,1,6.3,6.05,-187.3,112.698,,,finHit
2249,2,6.3,6.05,-134.8,311.924,,,finHit
2250,3,6.3,6.05,-96.9,459.412,,,finHit
2251,4,44.1,18.15,-13.2,957.147,,,finHit
2252,63,56.0,1.0,1.0,-220.0,0.0,0.0,3.0
2253,1,6.3,6.05,-187.3,112.658,,,finHit
2254,2,-6.3,6.05,-134.8,308.759,,,finHit
2255,3,-6.3,6.05,-96.9,438.119,,,finHit
2256,64,56.0,1.0,1.0,-220.0,0.0,0.0,3.0
2257,1,6.3,6.05,-187.3,108.671,,,finHit
2258,2,-6.3,6.05,-134.8,352.355,,,finHit
2259,4,-6.3,54.45,-13.2,998.229,,,finHit
2260,65,56.0,1.0,1.0,-220.0,0.0,0.0,4.0
2261,1,6.3,6.05,-187.3,104.261,,,finHit
2262,2,6.3,6.05,-134.8,296.165,,,finHit
2263,3,-6.3,-6.05,-96.9,426.444,,,finHit
2264,4,-6.3,-30.25,-13.2,853.954,,,finHit
2265,66,56.0,1.0,1.0,-220.0,0.0,0.0,2.0
2266,1,6.3,6.05,-187.3,109.973,,,finHit
2267,4,-6.3,-30.25,-13.2,871.569,,,finHit
2268,67,56.0,1.0,1.0,-220.0,0.0,0.0,3.0
2269,1,6.3,6.05,-187.3,115.264,,,finHit
2270,2,6.3,6.05,-134.8,320.349,,,finHit
2271,3,18.9,6.05,-96.9,504.051,,,finHit
2272,68,56.0,1.0,1.0,-220.0,0.0,0.0,4.0
2273,1,6.3,6.05,-187.3,10.818,,,finHit
2274,2,6.3,6.05,-134.8,297.178,,,finHit
2275,3,6.3,6.05,-96.9,425.239,,,finHit
2276,3,6.3,-6.05,-96.9,470.833,,,finHit
2277,69,56.0,1.0,1.0,-220.0,0.0,0.0,4.0
2278,1,6.3,6.05,-187.3,111.814,,,finHit
2279,2,6.3,6.05,-134.8,319.329,,,finHit
2280,3,6.3,6.05,-96.9,49.037,,,finHit
2281,4,31.5,30.25,-13.2,945.386,,,finHit
2282,70,56.0,1.0,1.0,-220.0,0.0,0.0,4.0
2283,1,6.3,6.05,-187.3,106.814,,,finHit
2284,2,6.3,-6.05,-134.8,298.513,,,finHit
2285,3,6.3,-6.05,-96.9,460.308,,,finHit
2286,4,6.3,30.25,-13.2,854.828,,,finHit
2287,71,56.0,1.0,1.0,-220.0,0.0,0.0,4.0
2288,1,6.3,6.05,-187.3,110.093,,,finHit
2289,2,-6.3,6.05,-134.8,301.797,,,finHit
2290,3,-6.3,6.05,-96.9,425.582,,,finHit
2291,4,-18.9,-6.05,-13.2,803.153,,,finHit
2292,72,56.0,1.0,1.0,-220.0,0.0,0.0,4.0
2293,1,6.3,6.05,-187.3,111.902,,,finHit
2294,2,6.3,6.05,-134.8,350.957,,,finHit
2295,3,6.3,18.15,-96.9,542.762,,,finHit
2296,4,18.9,54.45,-13.2,107.064,,,finHit
2297,73,56.0,1.0,1.0,-220.0,0.0,0.0,1.0
2298,1,6.3,6.05,-187.3,112.602,,,finHit
2299,74,56.0,1.0,1.0,-220.0,0.0,0.0,4.0
2300,1,6.3,6.05,-187.3,110.275,,,finHit
2301,2,6.3,-6.05,-134.8,293.244,,,finHit
2302,3,6.3,-6.05,-96.9,437.788,,,finHit
2303,4,31.5,-42.35,-13.2,103.523,,,finHit
2304,75,56.0,1.0,1.0,-220.0,0.0,0.0,2.0
2305,1,6.3,6.05,-187.3,114.584,,,finHit
2306,3,6.3,6.05,-96.9,421.079,,,finHit
2307,76,56.0,1.0,1.0,-220.0,0.0,0.0,3.0
2308,1,6.3,6.05,-187.3,109.098,,,finHit
2309,2,-6.3,-6.05,-134.8,291.973,,,finHit
2310,3,-6.3,-6.05,-96.9,445.111,,,finHit
2311,77,56.0,1.0,1.0,-220.0,0.0,0.0,3.0
2312,1,6.3,6.05,-187.3,115.012,,,finHit
2313,3,-6.3,-6.05,-96.9,423.849,,,finHit
2314,4,6.3,-18.15,-13.2,807.996,,,finHit
2315,78,56.0,1.0,1.0,-220.0,0.0,0.0,4.0
2316,1,6.3,6.05,-187.3,111.274,,,finHit
2317,2,-6.3,-6.05,-134.8,326.009,,,finHit
2318,3,-6.3,-6.05,-96.9,465.951,,,finHit
2319,4,18.9,-6.05,-13.2,84.176,,,finHit
2320,79,56.0,1.0,1.0,-220.0,0.0,0.0,2.0
2321,1,6.3,6.05,-187.3,111.069,,,finHit
2322,2,18.9,6.05,-134.8,412.263,,,finHit
2323,80,56.0,1.0,1.0,-220.0,0.0,0.0,4.0
2324,1,6.3,6.05,-187.3,108.301,,,finHit
2325,2,6.3,-6.05,-134.8,302.562,,,finHit
2326,3,18.9,-18.15,-96.9,585.527,,,finHit
2327,4,44.1,-42.35,-13.2,105.423,,,finHit
2328,81,56.0,1.0,1.0,-220.0,0.0,0.0,4.0
2329,1,6.3,6.05,-187.3,116.408,,,finHit
2330,2,6.3,6.05,-134.8,296.868,,,finHit
2331,3,-6.3,-6.05,-96.9,4.18,,,finHit
2332,4,6.3,-18.15,-13.2,790.328,,,finHit
2333,82,56.0,1.0,1.0,-220.0,0.0,0.0,4.0
2334,1,6.3,6.05,-187.3,111.886,,,finHit
2335,2,6.3,6.05,-134.8,323.966,,,finHit
2336,3,6.3,6.05,-96.9,4.493,,,finHit
2337,4,6.3,6.05,-13.2,735.063,,,finHit
2338,83,56.0,1.0,1.0,-220.0,0.0,0.0,3.0
2339,1,6.3,6.05,-187.3,107.681,,,finHit
2340,2,6.3,-6.05,-134.8,302.676,,,finHit
2341,4,6.3,-30.25,-13.2,867.969,,,finHit
2342,84,56.0,1.0,1.0,-220.0,0.0,0.0,2.0
2343,1,6.3,6.05,-187.3,108.792,,,finHit
2344,2,-6.3,-6.05,-134.8,289.342,,,finHit
2345,85,56.0,1.0,1.0,-220.0,0.0,0.0,3.0
2346,1,6.3,6.05,-187.3,110.886,,,finHit
2347,3,-6.3,-6.05,-96.9,444.733,,,finHit
2348,4,-56.7,-6.05,-13.2,105.462,,,finHit
2349,86,56.0,1.0,1.0,-220.0,0.0,0.0,4.0
2350,1,6.3,6.05,-187.3,110.214,,,finHit
2351,2,-6.3,6.05,-134.8,317.847,,,finHit
2352,3,-6.3,6.05,-96.9,480.101,,,finHit
2353,4,-6.3,-6.05,-13.2,769.792,,,finHit
2354,87,56.0,1.0,1.0,-220.0,0.0,0.0,4.0
2355,1,6.3,6.05,-187.3,117.501,,,finHit
2356,2,-6.3,-6.05,-134.8,308.474,,,finHit
2357,3,-6.3,-6.05,-96.9,473.227,,,finHit
2358,4,-31.5,-42.35,-13.2,98.459,,,finHit
2359,88,56.0,1.0,1.0,-220.0,0.0,0.0,4.0
2360,1,6.3,6.05,-187.3,113.788,,,finHit
2361,2,6.3,-6.05,-134.8,299.826,,,finHit
2362,3,6.3,-6.05,-96.9,466.702,,,finHit
2363,4,6.3,-18.15,-13.2,824.439,,,finHit
2364,89,56.0,1.0,1.0,-220.0,0.0,0.0,4.0
2365,1,6.3,6.05,-187.3,117.038,,,finHit
2366,2,-6.3,6.05,-134.8,316.473,,,finHit
2367,3,-6.3,6.05,-96.9,47.273,,,finHit
2368,4,-6.3,18.15,-13.2,779.487,,,finHit
2369,90,56.0,1.0,1.0,-220.0,0.0,0.0,3.0
2370,1,6.3,6.05,-187.3,117.289,,,finHit
2371,2,-6.3,6.05,-134.8,332.718,,,finHit
2372,3,-18.9,6.05,-96.9,497.772,,,finHit
2373,91,56.0,1.0,1.0,-220.0,0.0,0.0,4.0
2374,1,6.3,6.05,-187.3,104.546,,,finHit
2375,2,6.3,-6.05,-134.8,300.612,,,finHit
2376,3,6.3,-6.05,-96.9,466.937,,,finHit
2377,4,31.5,-18.15,-13.2,876.862,,,finHit
2378,92,56.0,1.0,1.0,-220.0,0.0,0.0,3.0
2379,1,6.3,6.05,-187.3,111.523,,,finHit
2380,2,-6.3,6.05,-134.8,312.681,,,finHit
2381,3,-6.3,6.05,-96.9,451.028,,,finHit
2382,93,56.0,1.0,1.0,-220.0,0.0,0.0,4.0
2383,1,6.3,6.05,-187.3,110.106,,,finHit
2384,2,-6.3,6.05,-134.8,324.972,,,finHit
2385,3,-6.3,6.05,-96.9,448.843,,,finHit
2386,4,18.9,6.05,-13.2,78.975,,,finHit
2387,94,56.0,1.0,1.0,-220.0,0.0,0.0,3.0
2388,1,6.3,6.05,-187.3,110.155,,,finHit
2389,2,-6.3,-6.05,-134.8,295.681,,,finHit
2390,4,-18.9,-6.05,-13.2,823.027,,,finHit
2391,95,56.0,1.0,1.0,-220.0,0.0,0.0,4.0
2392,1,6.3,6.05,-187.3,107.079,,,finHit
2393,2,6.3,6.05,-134.8,319.063,,,finHit
2394,3,6.3,6.05,-96.9,43.153,,,finHit
2395,4,-31.5,18.15,-13.2,904.115,,,finHit
2396,96,56.0,1.0,1.0,-220.0,0.0,0.0,4.0
2397,1,6.3,6.05,-187.3,110.326,,,finHit
2398,2,-6.3,-6.05,-134.8,317.372,,,finHit
2399,3,-18.9,-6.05,-96.9,511.855,,,finHit
2400,4,-31.5,-42.35,-13.2,101.686,,,finHit
2401,97,56.0,1.0,1.0,-220.0,0.0,0.0,4.0
2402,1,6.3,6.05,-187.3,114.486,,,finHit
2403,2,6.3,6.05,-134.8,32.887,,,finHit
2404,3,18.9,6.05,-96.9,494.513,,,finHit
2405,4,18.9,-6.05,-13.2,816.863,,,finHit
2406,98,56.0,1.0,1.0,-220.0,0.0,0.0,2.0
2407,1,6.3,6.05,-187.3,107.492,,,finHit
2408,3,-6.3,-18.15,-96.9,545.136,,,finHit
2409,99,56.0,1.0,1.0,-220.0,0.0,0.0,4.0
2410,1,6.3,6.05,-187.3,113.602,,,finHit
2411,2,6.3,-6.05,-134.8,334.737,,,finHit
2412,3,18.9,-6.05,-96.9,518.302,,,finHit
2413,4,44.1,-6.05,-13.2,951.971,,,finHit
2414,100,56.0,1.0,1.0,-220.0,0.0,0.0,4.0
2415,1,6.3,6.05,-187.3,117.503,,,finHit
2416,2,6.3,6.05,-134.8,341.553,,,finHit
2417,3,6.3,18.15,-96.9,499.312,,,finHit
2418,4,44.1,-6.05,-13.2,998.072,,,finHit
